package,version,license,classification,distribution_obligation,source
adler2,2.0.1,0BSD OR MIT OR Apache-2.0,PERMISSIVE_OR_NOTICE,Retain applicable copyright/licence notices.,registry+https://github.com/rust-lang/crates.io-index
ahash,0.7.8,MIT OR Apache-2.0,PERMISSIVE_OR_NOTICE,Retain applicable copyright/licence notices.,registry+https://github.com/rust-lang/crates.io-index
aho-corasick,1.1.4,Unlicense OR MIT,PERMISSIVE_OR_NOTICE,Retain applicable copyright/licence notices.,registry+https://github.com/rust-lang/crates.io-index
alloc-no-stdlib,2.0.4,BSD-3-Clause,PERMISSIVE_OR_NOTICE,Retain applicable copyright/licence notices.,registry+https://github.com/rust-lang/crates.io-index
alloc-stdlib,0.2.4,BSD-3-Clause,PERMISSIVE_OR_NOTICE,Retain applicable copyright/licence notices.,registry+https://github.com/rust-lang/crates.io-index
android_system_properties,0.1.5,MIT/Apache-2.0,PERMISSIVE_OR_NOTICE,Retain applicable copyright/licence notices.,registry+https://github.com/rust-lang/crates.io-index
ansi-str,0.9.0,MIT,PERMISSIVE_OR_NOTICE,Retain applicable copyright/licence notices.,registry+https://github.com/rust-lang/crates.io-index
ansitok,0.3.0,MIT,PERMISSIVE_OR_NOTICE,Retain applicable copyright/licence notices.,registry+https://github.com/rust-lang/crates.io-index
anstream,1.0.0,MIT OR Apache-2.0,PERMISSIVE_OR_NOTICE,Retain applicable copyright/licence notices.,registry+https://github.com/rust-lang/crates.io-index
anstyle,1.0.14,MIT OR Apache-2.0,PERMISSIVE_OR_NOTICE,Retain applicable copyright/licence notices.,registry+https://github.com/rust-lang/crates.io-index
anstyle-parse,1.0.0,MIT OR Apache-2.0,PERMISSIVE_OR_NOTICE,Retain applicable copyright/licence notices.,registry+https://github.com/rust-lang/crates.io-index
anstyle-query,1.1.5,MIT OR Apache-2.0,PERMISSIVE_OR_NOTICE,Retain applicable copyright/licence notices.,registry+https://github.com/rust-lang/crates.io-index
anstyle-wincon,3.0.11,MIT OR Apache-2.0,PERMISSIVE_OR_NOTICE,Retain applicable copyright/licence notices.,registry+https://github.com/rust-lang/crates.io-index
anyhow,1.0.102,MIT OR Apache-2.0,PERMISSIVE_OR_NOTICE,Retain applicable copyright/licence notices.,registry+https://github.com/rust-lang/crates.io-index
arrayvec,0.7.6,MIT OR Apache-2.0,PERMISSIVE_OR_NOTICE,Retain applicable copyright/licence notices.,registry+https://github.com/rust-lang/crates.io-index
atk,0.18.2,MIT,PERMISSIVE_OR_NOTICE,Retain applicable copyright/licence notices.,registry+https://github.com/rust-lang/crates.io-index
atk-sys,0.18.2,MIT,PERMISSIVE_OR_NOTICE,Retain applicable copyright/licence notices.,registry+https://github.com/rust-lang/crates.io-index
atomic-waker,1.1.2,Apache-2.0 OR MIT,PERMISSIVE_OR_NOTICE,Retain applicable copyright/licence notices.,registry+https://github.com/rust-lang/crates.io-index
autocfg,1.5.0,Apache-2.0 OR MIT,PERMISSIVE_OR_NOTICE,Retain applicable copyright/licence notices.,registry+https://github.com/rust-lang/crates.io-index
base64,0.21.7,MIT OR Apache-2.0,PERMISSIVE_OR_NOTICE,Retain applicable copyright/licence notices.,registry+https://github.com/rust-lang/crates.io-index
base64,0.22.1,MIT OR Apache-2.0,PERMISSIVE_OR_NOTICE,Retain applicable copyright/licence notices.,registry+https://github.com/rust-lang/crates.io-index
beankeeper,0.4.0,MIT OR Apache-2.0,PERMISSIVE_OR_NOTICE,Retain applicable copyright/licence notices.,workspace/path
beankeeper-cli,0.8.0,MIT OR Apache-2.0,PERMISSIVE_OR_NOTICE,Retain applicable copyright/licence notices.,workspace/path
bit-set,0.8.0,Apache-2.0 OR MIT,PERMISSIVE_OR_NOTICE,Retain applicable copyright/licence notices.,registry+https://github.com/rust-lang/crates.io-index
bit-vec,0.8.0,Apache-2.0 OR MIT,PERMISSIVE_OR_NOTICE,Retain applicable copyright/licence notices.,registry+https://github.com/rust-lang/crates.io-index
bitflags,1.3.2,MIT/Apache-2.0,PERMISSIVE_OR_NOTICE,Retain applicable copyright/licence notices.,registry+https://github.com/rust-lang/crates.io-index
bitflags,2.11.0,MIT OR Apache-2.0,PERMISSIVE_OR_NOTICE,Retain applicable copyright/licence notices.,registry+https://github.com/rust-lang/crates.io-index
bitvec,1.0.1,MIT,PERMISSIVE_OR_NOTICE,Retain applicable copyright/licence notices.,registry+https://github.com/rust-lang/crates.io-index
block-buffer,0.10.4,MIT OR Apache-2.0,PERMISSIVE_OR_NOTICE,Retain applicable copyright/licence notices.,registry+https://github.com/rust-lang/crates.io-index
block2,0.6.2,MIT,PERMISSIVE_OR_NOTICE,Retain applicable copyright/licence notices.,registry+https://github.com/rust-lang/crates.io-index
borsh,1.6.1,MIT OR Apache-2.0,PERMISSIVE_OR_NOTICE,Retain applicable copyright/licence notices.,registry+https://github.com/rust-lang/crates.io-index
borsh-derive,1.6.1,Apache-2.0,PERMISSIVE_OR_NOTICE,Retain applicable copyright/licence notices.,registry+https://github.com/rust-lang/crates.io-index
brotli,8.0.4,BSD-3-Clause AND MIT,PERMISSIVE_OR_NOTICE,Retain applicable copyright/licence notices.,registry+https://github.com/rust-lang/crates.io-index
brotli-decompressor,5.0.3,BSD-3-Clause/MIT,PERMISSIVE_OR_NOTICE,Retain applicable copyright/licence notices.,registry+https://github.com/rust-lang/crates.io-index
bs58,0.5.1,MIT/Apache-2.0,PERMISSIVE_OR_NOTICE,Retain applicable copyright/licence notices.,registry+https://github.com/rust-lang/crates.io-index
bumpalo,3.20.2,MIT OR Apache-2.0,PERMISSIVE_OR_NOTICE,Retain applicable copyright/licence notices.,registry+https://github.com/rust-lang/crates.io-index
bytecheck,0.6.12,MIT,PERMISSIVE_OR_NOTICE,Retain applicable copyright/licence notices.,registry+https://github.com/rust-lang/crates.io-index
bytecheck_derive,0.6.12,MIT,PERMISSIVE_OR_NOTICE,Retain applicable copyright/licence notices.,registry+https://github.com/rust-lang/crates.io-index
bytemuck,1.25.2,Zlib OR Apache-2.0 OR MIT,PERMISSIVE_OR_NOTICE,Retain applicable copyright/licence notices.,registry+https://github.com/rust-lang/crates.io-index
byteorder,1.5.0,Unlicense OR MIT,PERMISSIVE_OR_NOTICE,Retain applicable copyright/licence notices.,registry+https://github.com/rust-lang/crates.io-index
bytes,1.11.1,MIT,PERMISSIVE_OR_NOTICE,Retain applicable copyright/licence notices.,registry+https://github.com/rust-lang/crates.io-index
cairo-rs,0.18.5,MIT,PERMISSIVE_OR_NOTICE,Retain applicable copyright/licence notices.,registry+https://github.com/rust-lang/crates.io-index
cairo-sys-rs,0.18.2,MIT,PERMISSIVE_OR_NOTICE,Retain applicable copyright/licence notices.,registry+https://github.com/rust-lang/crates.io-index
camino,1.2.5,MIT OR Apache-2.0,PERMISSIVE_OR_NOTICE,Retain applicable copyright/licence notices.,registry+https://github.com/rust-lang/crates.io-index
cargo-platform,0.1.9,MIT OR Apache-2.0,PERMISSIVE_OR_NOTICE,Retain applicable copyright/licence notices.,registry+https://github.com/rust-lang/crates.io-index
cargo_metadata,0.19.2,MIT,PERMISSIVE_OR_NOTICE,Retain applicable copyright/licence notices.,registry+https://github.com/rust-lang/crates.io-index
cargo_toml,0.22.3,Apache-2.0 OR MIT,PERMISSIVE_OR_NOTICE,Retain applicable copyright/licence notices.,registry+https://github.com/rust-lang/crates.io-index
cc,1.2.57,MIT OR Apache-2.0,PERMISSIVE_OR_NOTICE,Retain applicable copyright/licence notices.,registry+https://github.com/rust-lang/crates.io-index
cesu8,1.1.0,Apache-2.0/MIT,PERMISSIVE_OR_NOTICE,Retain applicable copyright/licence notices.,registry+https://github.com/rust-lang/crates.io-index
cfb,0.7.3,MIT,PERMISSIVE_OR_NOTICE,Retain applicable copyright/licence notices.,registry+https://github.com/rust-lang/crates.io-index
cfg-expr,0.15.8,MIT OR Apache-2.0,PERMISSIVE_OR_NOTICE,Retain applicable copyright/licence notices.,registry+https://github.com/rust-lang/crates.io-index
cfg-if,1.0.4,MIT OR Apache-2.0,PERMISSIVE_OR_NOTICE,Retain applicable copyright/licence notices.,registry+https://github.com/rust-lang/crates.io-index
cfg_aliases,0.2.1,MIT,PERMISSIVE_OR_NOTICE,Retain applicable copyright/licence notices.,registry+https://github.com/rust-lang/crates.io-index
chrono,0.4.44,MIT OR Apache-2.0,PERMISSIVE_OR_NOTICE,Retain applicable copyright/licence notices.,registry+https://github.com/rust-lang/crates.io-index
clap,4.6.0,MIT OR Apache-2.0,PERMISSIVE_OR_NOTICE,Retain applicable copyright/licence notices.,registry+https://github.com/rust-lang/crates.io-index
clap_builder,4.6.0,MIT OR Apache-2.0,PERMISSIVE_OR_NOTICE,Retain applicable copyright/licence notices.,registry+https://github.com/rust-lang/crates.io-index
clap_derive,4.6.0,MIT OR Apache-2.0,PERMISSIVE_OR_NOTICE,Retain applicable copyright/licence notices.,registry+https://github.com/rust-lang/crates.io-index
clap_lex,1.1.0,MIT OR Apache-2.0,PERMISSIVE_OR_NOTICE,Retain applicable copyright/licence notices.,registry+https://github.com/rust-lang/crates.io-index
colorchoice,1.0.5,MIT OR Apache-2.0,PERMISSIVE_OR_NOTICE,Retain applicable copyright/licence notices.,registry+https://github.com/rust-lang/crates.io-index
combine,4.6.8,MIT,PERMISSIVE_OR_NOTICE,Retain applicable copyright/licence notices.,registry+https://github.com/rust-lang/crates.io-index
comfy-table,7.2.2,MIT,PERMISSIVE_OR_NOTICE,Retain applicable copyright/licence notices.,registry+https://github.com/rust-lang/crates.io-index
console,0.16.3,MIT,PERMISSIVE_OR_NOTICE,Retain applicable copyright/licence notices.,registry+https://github.com/rust-lang/crates.io-index
cookie,0.18.2,MIT OR Apache-2.0,PERMISSIVE_OR_NOTICE,Retain applicable copyright/licence notices.,registry+https://github.com/rust-lang/crates.io-index
core-foundation,0.10.1,MIT OR Apache-2.0,PERMISSIVE_OR_NOTICE,Retain applicable copyright/licence notices.,registry+https://github.com/rust-lang/crates.io-index
core-foundation-sys,0.8.7,MIT OR Apache-2.0,PERMISSIVE_OR_NOTICE,Retain applicable copyright/licence notices.,registry+https://github.com/rust-lang/crates.io-index
core-graphics,0.25.0,MIT OR Apache-2.0,PERMISSIVE_OR_NOTICE,Retain applicable copyright/licence notices.,registry+https://github.com/rust-lang/crates.io-index
core-graphics-types,0.2.0,MIT OR Apache-2.0,PERMISSIVE_OR_NOTICE,Retain applicable copyright/licence notices.,registry+https://github.com/rust-lang/crates.io-index
cpufeatures,0.2.17,MIT OR Apache-2.0,PERMISSIVE_OR_NOTICE,Retain applicable copyright/licence notices.,registry+https://github.com/rust-lang/crates.io-index
crc32fast,1.5.1,MIT OR Apache-2.0,PERMISSIVE_OR_NOTICE,Retain applicable copyright/licence notices.,registry+https://github.com/rust-lang/crates.io-index
crossbeam-channel,0.5.16,MIT OR Apache-2.0,PERMISSIVE_OR_NOTICE,Retain applicable copyright/licence notices.,registry+https://github.com/rust-lang/crates.io-index
crossbeam-utils,0.8.22,MIT OR Apache-2.0,PERMISSIVE_OR_NOTICE,Retain applicable copyright/licence notices.,registry+https://github.com/rust-lang/crates.io-index
crossterm,0.29.0,MIT,PERMISSIVE_OR_NOTICE,Retain applicable copyright/licence notices.,registry+https://github.com/rust-lang/crates.io-index
crossterm_winapi,0.9.1,MIT,PERMISSIVE_OR_NOTICE,Retain applicable copyright/licence notices.,registry+https://github.com/rust-lang/crates.io-index
crypto-common,0.1.7,MIT OR Apache-2.0,PERMISSIVE_OR_NOTICE,Retain applicable copyright/licence notices.,registry+https://github.com/rust-lang/crates.io-index
cssparser,0.36.0,MPL-2.0,WEAK_COPYLEFT_FILE_LEVEL,Preserve MPL notices; make MPL-covered source/modifications available as required.,registry+https://github.com/rust-lang/crates.io-index
cssparser-macros,0.6.1,MPL-2.0,WEAK_COPYLEFT_FILE_LEVEL,Preserve MPL notices; make MPL-covered source/modifications available as required.,registry+https://github.com/rust-lang/crates.io-index
csv,1.4.0,Unlicense/MIT,PERMISSIVE_OR_NOTICE,Retain applicable copyright/licence notices.,registry+https://github.com/rust-lang/crates.io-index
csv-core,0.1.13,Unlicense/MIT,PERMISSIVE_OR_NOTICE,Retain applicable copyright/licence notices.,registry+https://github.com/rust-lang/crates.io-index
ctor,0.8.0,Apache-2.0 OR MIT,PERMISSIVE_OR_NOTICE,Retain applicable copyright/licence notices.,registry+https://github.com/rust-lang/crates.io-index
ctor-proc-macro,0.0.7,Apache-2.0 OR MIT,PERMISSIVE_OR_NOTICE,Retain applicable copyright/licence notices.,registry+https://github.com/rust-lang/crates.io-index
darling,0.23.0,MIT,PERMISSIVE_OR_NOTICE,Retain applicable copyright/licence notices.,registry+https://github.com/rust-lang/crates.io-index
darling_core,0.23.0,MIT,PERMISSIVE_OR_NOTICE,Retain applicable copyright/licence notices.,registry+https://github.com/rust-lang/crates.io-index
darling_macro,0.23.0,MIT,PERMISSIVE_OR_NOTICE,Retain applicable copyright/licence notices.,registry+https://github.com/rust-lang/crates.io-index
data-encoding,2.10.0,MIT,PERMISSIVE_OR_NOTICE,Retain applicable copyright/licence notices.,registry+https://github.com/rust-lang/crates.io-index
dbus,0.9.12,Apache-2.0/MIT,PERMISSIVE_OR_NOTICE,Retain applicable copyright/licence notices.,registry+https://github.com/rust-lang/crates.io-index
defmt,1.1.1,MIT OR Apache-2.0,PERMISSIVE_OR_NOTICE,Retain applicable copyright/licence notices.,registry+https://github.com/rust-lang/crates.io-index
defmt-macros,1.1.1,MIT OR Apache-2.0,PERMISSIVE_OR_NOTICE,Retain applicable copyright/licence notices.,registry+https://github.com/rust-lang/crates.io-index
defmt-parser,1.0.0,MIT OR Apache-2.0,PERMISSIVE_OR_NOTICE,Retain applicable copyright/licence notices.,registry+https://github.com/rust-lang/crates.io-index
deranged,0.5.8,MIT OR Apache-2.0,PERMISSIVE_OR_NOTICE,Retain applicable copyright/licence notices.,registry+https://github.com/rust-lang/crates.io-index
derive_more,2.1.1,MIT,PERMISSIVE_OR_NOTICE,Retain applicable copyright/licence notices.,registry+https://github.com/rust-lang/crates.io-index
derive_more-impl,2.1.1,MIT,PERMISSIVE_OR_NOTICE,Retain applicable copyright/licence notices.,registry+https://github.com/rust-lang/crates.io-index
digest,0.10.7,MIT OR Apache-2.0,PERMISSIVE_OR_NOTICE,Retain applicable copyright/licence notices.,registry+https://github.com/rust-lang/crates.io-index
dirs,6.0.0,MIT OR Apache-2.0,PERMISSIVE_OR_NOTICE,Retain applicable copyright/licence notices.,registry+https://github.com/rust-lang/crates.io-index
dirs-sys,0.5.0,MIT OR Apache-2.0,PERMISSIVE_OR_NOTICE,Retain applicable copyright/licence notices.,registry+https://github.com/rust-lang/crates.io-index
dispatch2,0.3.1,Zlib OR Apache-2.0 OR MIT,PERMISSIVE_OR_NOTICE,Retain applicable copyright/licence notices.,registry+https://github.com/rust-lang/crates.io-index
displaydoc,0.2.7,MIT OR Apache-2.0,PERMISSIVE_OR_NOTICE,Retain applicable copyright/licence notices.,registry+https://github.com/rust-lang/crates.io-index
dlopen2,0.8.2,MIT,PERMISSIVE_OR_NOTICE,Retain applicable copyright/licence notices.,registry+https://github.com/rust-lang/crates.io-index
dlopen2_derive,0.4.3,MIT,PERMISSIVE_OR_NOTICE,Retain applicable copyright/licence notices.,registry+https://github.com/rust-lang/crates.io-index
document-features,0.2.12,MIT OR Apache-2.0,PERMISSIVE_OR_NOTICE,Retain applicable copyright/licence notices.,registry+https://github.com/rust-lang/crates.io-index
dom_query,0.27.0,MIT,PERMISSIVE_OR_NOTICE,Retain applicable copyright/licence notices.,registry+https://github.com/rust-lang/crates.io-index
dpi,0.1.2,Apache-2.0 AND MIT,PERMISSIVE_OR_NOTICE,Retain applicable copyright/licence notices.,registry+https://github.com/rust-lang/crates.io-index
dtoa,1.0.11,MIT OR Apache-2.0,PERMISSIVE_OR_NOTICE,Retain applicable copyright/licence notices.,registry+https://github.com/rust-lang/crates.io-index
dtoa-short,0.3.5,MPL-2.0,WEAK_COPYLEFT_FILE_LEVEL,Preserve MPL notices; make MPL-covered source/modifications available as required.,registry+https://github.com/rust-lang/crates.io-index
dtor,0.3.0,Apache-2.0 OR MIT,PERMISSIVE_OR_NOTICE,Retain applicable copyright/licence notices.,registry+https://github.com/rust-lang/crates.io-index
dtor-proc-macro,0.0.6,Apache-2.0 OR MIT,PERMISSIVE_OR_NOTICE,Retain applicable copyright/licence notices.,registry+https://github.com/rust-lang/crates.io-index
dunce,1.0.5,CC0-1.0 OR MIT-0 OR Apache-2.0,PERMISSIVE_OR_NOTICE,Retain applicable copyright/licence notices.,registry+https://github.com/rust-lang/crates.io-index
dyn-clone,1.0.20,MIT OR Apache-2.0,PERMISSIVE_OR_NOTICE,Retain applicable copyright/licence notices.,registry+https://github.com/rust-lang/crates.io-index
embed-resource,3.0.11,MIT,PERMISSIVE_OR_NOTICE,Retain applicable copyright/licence notices.,registry+https://github.com/rust-lang/crates.io-index
embed_plist,1.2.2,MIT OR Apache-2.0,PERMISSIVE_OR_NOTICE,Retain applicable copyright/licence notices.,registry+https://github.com/rust-lang/crates.io-index
encode_unicode,1.0.0,Apache-2.0 OR MIT,PERMISSIVE_OR_NOTICE,Retain applicable copyright/licence notices.,registry+https://github.com/rust-lang/crates.io-index
equivalent,1.0.2,Apache-2.0 OR MIT,PERMISSIVE_OR_NOTICE,Retain applicable copyright/licence notices.,registry+https://github.com/rust-lang/crates.io-index
erased-serde,0.4.10,MIT OR Apache-2.0,PERMISSIVE_OR_NOTICE,Retain applicable copyright/licence notices.,registry+https://github.com/rust-lang/crates.io-index
errno,0.3.14,MIT OR Apache-2.0,PERMISSIVE_OR_NOTICE,Retain applicable copyright/licence notices.,registry+https://github.com/rust-lang/crates.io-index
fallible-iterator,0.3.0,MIT/Apache-2.0,PERMISSIVE_OR_NOTICE,Retain applicable copyright/licence notices.,registry+https://github.com/rust-lang/crates.io-index
fallible-streaming-iterator,0.1.9,MIT/Apache-2.0,PERMISSIVE_OR_NOTICE,Retain applicable copyright/licence notices.,registry+https://github.com/rust-lang/crates.io-index
fastrand,2.3.0,Apache-2.0 OR MIT,PERMISSIVE_OR_NOTICE,Retain applicable copyright/licence notices.,registry+https://github.com/rust-lang/crates.io-index
fdeflate,0.3.7,MIT OR Apache-2.0,PERMISSIVE_OR_NOTICE,Retain applicable copyright/licence notices.,registry+https://github.com/rust-lang/crates.io-index
field-offset,0.3.6,MIT OR Apache-2.0,PERMISSIVE_OR_NOTICE,Retain applicable copyright/licence notices.,registry+https://github.com/rust-lang/crates.io-index
find-msvc-tools,0.1.9,MIT OR Apache-2.0,PERMISSIVE_OR_NOTICE,Retain applicable copyright/licence notices.,registry+https://github.com/rust-lang/crates.io-index
flate2,1.1.10,MIT OR Apache-2.0,PERMISSIVE_OR_NOTICE,Retain applicable copyright/licence notices.,registry+https://github.com/rust-lang/crates.io-index
fnv,1.0.7,Apache-2.0 / MIT,PERMISSIVE_OR_NOTICE,Retain applicable copyright/licence notices.,registry+https://github.com/rust-lang/crates.io-index
foldhash,0.1.5,Zlib,PERMISSIVE_OR_NOTICE,Retain applicable copyright/licence notices.,registry+https://github.com/rust-lang/crates.io-index
foldhash,0.2.0,Zlib,PERMISSIVE_OR_NOTICE,Retain applicable copyright/licence notices.,registry+https://github.com/rust-lang/crates.io-index
foreign-types,0.5.0,MIT/Apache-2.0,PERMISSIVE_OR_NOTICE,Retain applicable copyright/licence notices.,registry+https://github.com/rust-lang/crates.io-index
foreign-types-macros,0.2.4,MIT/Apache-2.0,PERMISSIVE_OR_NOTICE,Retain applicable copyright/licence notices.,registry+https://github.com/rust-lang/crates.io-index
foreign-types-shared,0.3.1,MIT/Apache-2.0,PERMISSIVE_OR_NOTICE,Retain applicable copyright/licence notices.,registry+https://github.com/rust-lang/crates.io-index
form_urlencoded,1.2.2,MIT OR Apache-2.0,PERMISSIVE_OR_NOTICE,Retain applicable copyright/licence notices.,registry+https://github.com/rust-lang/crates.io-index
funty,2.0.0,MIT,PERMISSIVE_OR_NOTICE,Retain applicable copyright/licence notices.,registry+https://github.com/rust-lang/crates.io-index
futures-channel,0.3.34,MIT OR Apache-2.0,PERMISSIVE_OR_NOTICE,Retain applicable copyright/licence notices.,registry+https://github.com/rust-lang/crates.io-index
futures-core,0.3.34,MIT OR Apache-2.0,PERMISSIVE_OR_NOTICE,Retain applicable copyright/licence notices.,registry+https://github.com/rust-lang/crates.io-index
futures-executor,0.3.34,MIT OR Apache-2.0,PERMISSIVE_OR_NOTICE,Retain applicable copyright/licence notices.,registry+https://github.com/rust-lang/crates.io-index
futures-io,0.3.34,MIT OR Apache-2.0,PERMISSIVE_OR_NOTICE,Retain applicable copyright/licence notices.,registry+https://github.com/rust-lang/crates.io-index
futures-macro,0.3.34,MIT OR Apache-2.0,PERMISSIVE_OR_NOTICE,Retain applicable copyright/licence notices.,registry+https://github.com/rust-lang/crates.io-index
futures-sink,0.3.34,MIT OR Apache-2.0,PERMISSIVE_OR_NOTICE,Retain applicable copyright/licence notices.,registry+https://github.com/rust-lang/crates.io-index
futures-task,0.3.34,MIT OR Apache-2.0,PERMISSIVE_OR_NOTICE,Retain applicable copyright/licence notices.,registry+https://github.com/rust-lang/crates.io-index
futures-util,0.3.34,MIT OR Apache-2.0,PERMISSIVE_OR_NOTICE,Retain applicable copyright/licence notices.,registry+https://github.com/rust-lang/crates.io-index
gdk,0.18.2,MIT,PERMISSIVE_OR_NOTICE,Retain applicable copyright/licence notices.,registry+https://github.com/rust-lang/crates.io-index
gdk-pixbuf,0.18.5,MIT,PERMISSIVE_OR_NOTICE,Retain applicable copyright/licence notices.,registry+https://github.com/rust-lang/crates.io-index
gdk-pixbuf-sys,0.18.0,MIT,PERMISSIVE_OR_NOTICE,Retain applicable copyright/licence notices.,registry+https://github.com/rust-lang/crates.io-index
gdk-sys,0.18.2,MIT,PERMISSIVE_OR_NOTICE,Retain applicable copyright/licence notices.,registry+https://github.com/rust-lang/crates.io-index
gdkwayland-sys,0.18.2,MIT,PERMISSIVE_OR_NOTICE,Retain applicable copyright/licence notices.,registry+https://github.com/rust-lang/crates.io-index
gdkx11,0.18.2,MIT,PERMISSIVE_OR_NOTICE,Retain applicable copyright/licence notices.,registry+https://github.com/rust-lang/crates.io-index
gdkx11-sys,0.18.2,MIT,PERMISSIVE_OR_NOTICE,Retain applicable copyright/licence notices.,registry+https://github.com/rust-lang/crates.io-index
generic-array,0.14.7,MIT,PERMISSIVE_OR_NOTICE,Retain applicable copyright/licence notices.,registry+https://github.com/rust-lang/crates.io-index
getrandom,0.2.17,MIT OR Apache-2.0,PERMISSIVE_OR_NOTICE,Retain applicable copyright/licence notices.,registry+https://github.com/rust-lang/crates.io-index
getrandom,0.3.4,MIT OR Apache-2.0,PERMISSIVE_OR_NOTICE,Retain applicable copyright/licence notices.,registry+https://github.com/rust-lang/crates.io-index
getrandom,0.4.2,MIT OR Apache-2.0,PERMISSIVE_OR_NOTICE,Retain applicable copyright/licence notices.,registry+https://github.com/rust-lang/crates.io-index
gio,0.18.4,MIT,PERMISSIVE_OR_NOTICE,Retain applicable copyright/licence notices.,registry+https://github.com/rust-lang/crates.io-index
gio-sys,0.18.1,MIT,PERMISSIVE_OR_NOTICE,Retain applicable copyright/licence notices.,registry+https://github.com/rust-lang/crates.io-index
glib,0.18.5,MIT,PERMISSIVE_OR_NOTICE,Retain applicable copyright/licence notices.,registry+https://github.com/rust-lang/crates.io-index
glib-macros,0.18.5,MIT,PERMISSIVE_OR_NOTICE,Retain applicable copyright/licence notices.,registry+https://github.com/rust-lang/crates.io-index
glib-sys,0.18.1,MIT,PERMISSIVE_OR_NOTICE,Retain applicable copyright/licence notices.,registry+https://github.com/rust-lang/crates.io-index
glob,0.3.4,MIT OR Apache-2.0,PERMISSIVE_OR_NOTICE,Retain applicable copyright/licence notices.,registry+https://github.com/rust-lang/crates.io-index
gobject-sys,0.18.0,MIT,PERMISSIVE_OR_NOTICE,Retain applicable copyright/licence notices.,registry+https://github.com/rust-lang/crates.io-index
gtk,0.18.2,MIT,PERMISSIVE_OR_NOTICE,Retain applicable copyright/licence notices.,registry+https://github.com/rust-lang/crates.io-index
gtk-sys,0.18.2,MIT,PERMISSIVE_OR_NOTICE,Retain applicable copyright/licence notices.,registry+https://github.com/rust-lang/crates.io-index
gtk3-macros,0.18.2,MIT,PERMISSIVE_OR_NOTICE,Retain applicable copyright/licence notices.,registry+https://github.com/rust-lang/crates.io-index
hashbrown,0.12.3,MIT OR Apache-2.0,PERMISSIVE_OR_NOTICE,Retain applicable copyright/licence notices.,registry+https://github.com/rust-lang/crates.io-index
hashbrown,0.15.5,MIT OR Apache-2.0,PERMISSIVE_OR_NOTICE,Retain applicable copyright/licence notices.,registry+https://github.com/rust-lang/crates.io-index
hashbrown,0.16.1,MIT OR Apache-2.0,PERMISSIVE_OR_NOTICE,Retain applicable copyright/licence notices.,registry+https://github.com/rust-lang/crates.io-index
hashlink,0.11.0,MIT OR Apache-2.0,PERMISSIVE_OR_NOTICE,Retain applicable copyright/licence notices.,registry+https://github.com/rust-lang/crates.io-index
heck,0.4.1,MIT OR Apache-2.0,PERMISSIVE_OR_NOTICE,Retain applicable copyright/licence notices.,registry+https://github.com/rust-lang/crates.io-index
heck,0.5.0,MIT OR Apache-2.0,PERMISSIVE_OR_NOTICE,Retain applicable copyright/licence notices.,registry+https://github.com/rust-lang/crates.io-index
hex,0.4.3,MIT OR Apache-2.0,PERMISSIVE_OR_NOTICE,Retain applicable copyright/licence notices.,registry+https://github.com/rust-lang/crates.io-index
html5ever,0.38.0,MIT OR Apache-2.0,PERMISSIVE_OR_NOTICE,Retain applicable copyright/licence notices.,registry+https://github.com/rust-lang/crates.io-index
http,1.5.0,MIT OR Apache-2.0,PERMISSIVE_OR_NOTICE,Retain applicable copyright/licence notices.,registry+https://github.com/rust-lang/crates.io-index
http-body,1.1.0,MIT,PERMISSIVE_OR_NOTICE,Retain applicable copyright/licence notices.,registry+https://github.com/rust-lang/crates.io-index
http-body-util,0.1.5,MIT,PERMISSIVE_OR_NOTICE,Retain applicable copyright/licence notices.,registry+https://github.com/rust-lang/crates.io-index
httparse,1.10.1,MIT OR Apache-2.0,PERMISSIVE_OR_NOTICE,Retain applicable copyright/licence notices.,registry+https://github.com/rust-lang/crates.io-index
hyper,1.11.1,MIT,PERMISSIVE_OR_NOTICE,Retain applicable copyright/licence notices.,registry+https://github.com/rust-lang/crates.io-index
hyper-util,0.1.20,MIT,PERMISSIVE_OR_NOTICE,Retain applicable copyright/licence notices.,registry+https://github.com/rust-lang/crates.io-index
iana-time-zone,0.1.65,MIT OR Apache-2.0,PERMISSIVE_OR_NOTICE,Retain applicable copyright/licence notices.,registry+https://github.com/rust-lang/crates.io-index
iana-time-zone-haiku,0.1.2,MIT OR Apache-2.0,PERMISSIVE_OR_NOTICE,Retain applicable copyright/licence notices.,registry+https://github.com/rust-lang/crates.io-index
ico,0.5.0,MIT,PERMISSIVE_OR_NOTICE,Retain applicable copyright/licence notices.,registry+https://github.com/rust-lang/crates.io-index
icu_collections,2.3.0,Unicode-3.0,PERMISSIVE_OR_NOTICE,Retain applicable copyright/licence notices.,registry+https://github.com/rust-lang/crates.io-index
icu_locale_core,2.3.0,Unicode-3.0,PERMISSIVE_OR_NOTICE,Retain applicable copyright/licence notices.,registry+https://github.com/rust-lang/crates.io-index
icu_normalizer,2.3.0,Unicode-3.0,PERMISSIVE_OR_NOTICE,Retain applicable copyright/licence notices.,registry+https://github.com/rust-lang/crates.io-index
icu_normalizer_data,2.3.0,Unicode-3.0,PERMISSIVE_OR_NOTICE,Retain applicable copyright/licence notices.,registry+https://github.com/rust-lang/crates.io-index
icu_properties,2.3.0,Unicode-3.0,PERMISSIVE_OR_NOTICE,Retain applicable copyright/licence notices.,registry+https://github.com/rust-lang/crates.io-index
icu_properties_data,2.3.0,Unicode-3.0,PERMISSIVE_OR_NOTICE,Retain applicable copyright/licence notices.,registry+https://github.com/rust-lang/crates.io-index
icu_provider,2.3.1,Unicode-3.0,PERMISSIVE_OR_NOTICE,Retain applicable copyright/licence notices.,registry+https://github.com/rust-lang/crates.io-index
id-arena,2.3.0,MIT/Apache-2.0,PERMISSIVE_OR_NOTICE,Retain applicable copyright/licence notices.,registry+https://github.com/rust-lang/crates.io-index
ident_case,1.0.1,MIT/Apache-2.0,PERMISSIVE_OR_NOTICE,Retain applicable copyright/licence notices.,registry+https://github.com/rust-lang/crates.io-index
idna,1.1.0,MIT OR Apache-2.0,PERMISSIVE_OR_NOTICE,Retain applicable copyright/licence notices.,registry+https://github.com/rust-lang/crates.io-index
idna_adapter,1.2.2,Apache-2.0 OR MIT,PERMISSIVE_OR_NOTICE,Retain applicable copyright/licence notices.,registry+https://github.com/rust-lang/crates.io-index
indexmap,1.9.3,Apache-2.0 OR MIT,PERMISSIVE_OR_NOTICE,Retain applicable copyright/licence notices.,registry+https://github.com/rust-lang/crates.io-index
indexmap,2.13.0,Apache-2.0 OR MIT,PERMISSIVE_OR_NOTICE,Retain applicable copyright/licence notices.,registry+https://github.com/rust-lang/crates.io-index
infer,0.19.0,MIT,PERMISSIVE_OR_NOTICE,Retain applicable copyright/licence notices.,registry+https://github.com/rust-lang/crates.io-index
ipnet,2.12.1,MIT OR Apache-2.0,PERMISSIVE_OR_NOTICE,Retain applicable copyright/licence notices.,registry+https://github.com/rust-lang/crates.io-index
is_terminal_polyfill,1.70.2,MIT OR Apache-2.0,PERMISSIVE_OR_NOTICE,Retain applicable copyright/licence notices.,registry+https://github.com/rust-lang/crates.io-index
itoa,1.0.17,MIT OR Apache-2.0,PERMISSIVE_OR_NOTICE,Retain applicable copyright/licence notices.,registry+https://github.com/rust-lang/crates.io-index
javascriptcore-rs,1.1.2,MIT,PERMISSIVE_OR_NOTICE,Retain applicable copyright/licence notices.,registry+https://github.com/rust-lang/crates.io-index
javascriptcore-rs-sys,1.1.1,MIT,PERMISSIVE_OR_NOTICE,Retain applicable copyright/licence notices.,registry+https://github.com/rust-lang/crates.io-index
jiff,0.2.35,Unlicense OR MIT,PERMISSIVE_OR_NOTICE,Retain applicable copyright/licence notices.,registry+https://github.com/rust-lang/crates.io-index
jiff-core,0.1.0,Unlicense OR MIT,PERMISSIVE_OR_NOTICE,Retain applicable copyright/licence notices.,registry+https://github.com/rust-lang/crates.io-index
jiff-static,0.2.35,Unlicense OR MIT,PERMISSIVE_OR_NOTICE,Retain applicable copyright/licence notices.,registry+https://github.com/rust-lang/crates.io-index
jiff-tzdb,0.1.8,Unlicense OR MIT,PERMISSIVE_OR_NOTICE,Retain applicable copyright/licence notices.,registry+https://github.com/rust-lang/crates.io-index
jiff-tzdb-platform,0.1.3,Unlicense OR MIT,PERMISSIVE_OR_NOTICE,Retain applicable copyright/licence notices.,registry+https://github.com/rust-lang/crates.io-index
jni,0.21.1,MIT/Apache-2.0,PERMISSIVE_OR_NOTICE,Retain applicable copyright/licence notices.,registry+https://github.com/rust-lang/crates.io-index
jni-sys,0.3.1,MIT OR Apache-2.0,PERMISSIVE_OR_NOTICE,Retain applicable copyright/licence notices.,registry+https://github.com/rust-lang/crates.io-index
jni-sys,0.4.1,MIT OR Apache-2.0,PERMISSIVE_OR_NOTICE,Retain applicable copyright/licence notices.,registry+https://github.com/rust-lang/crates.io-index
jni-sys-macros,0.4.1,MIT OR Apache-2.0,PERMISSIVE_OR_NOTICE,Retain applicable copyright/licence notices.,registry+https://github.com/rust-lang/crates.io-index
js-sys,0.3.91,MIT OR Apache-2.0,PERMISSIVE_OR_NOTICE,Retain applicable copyright/licence notices.,registry+https://github.com/rust-lang/crates.io-index
json-patch,3.0.1,MIT/Apache-2.0,PERMISSIVE_OR_NOTICE,Retain applicable copyright/licence notices.,registry+https://github.com/rust-lang/crates.io-index
jsonptr,0.6.3,MIT OR Apache-2.0,PERMISSIVE_OR_NOTICE,Retain applicable copyright/licence notices.,registry+https://github.com/rust-lang/crates.io-index
keyboard-types,0.7.0,MIT OR Apache-2.0,PERMISSIVE_OR_NOTICE,Retain applicable copyright/licence notices.,registry+https://github.com/rust-lang/crates.io-index
leb128fmt,0.1.0,MIT OR Apache-2.0,PERMISSIVE_OR_NOTICE,Retain applicable copyright/licence notices.,registry+https://github.com/rust-lang/crates.io-index
libappindicator,0.9.0,Apache-2.0 OR MIT,PERMISSIVE_OR_NOTICE,Retain applicable copyright/licence notices.,registry+https://github.com/rust-lang/crates.io-index
libappindicator-sys,0.9.0,Apache-2.0 OR MIT,PERMISSIVE_OR_NOTICE,Retain applicable copyright/licence notices.,registry+https://github.com/rust-lang/crates.io-index
libc,0.2.183,MIT OR Apache-2.0,PERMISSIVE_OR_NOTICE,Retain applicable copyright/licence notices.,registry+https://github.com/rust-lang/crates.io-index
libdbus-sys,0.2.7,Apache-2.0/MIT,PERMISSIVE_OR_NOTICE,Retain applicable copyright/licence notices.,registry+https://github.com/rust-lang/crates.io-index
libloading,0.7.4,ISC,PERMISSIVE_OR_NOTICE,Retain applicable copyright/licence notices.,registry+https://github.com/rust-lang/crates.io-index
libredox,0.1.23,MIT,PERMISSIVE_OR_NOTICE,Retain applicable copyright/licence notices.,registry+https://github.com/rust-lang/crates.io-index
libsqlite3-sys,0.37.0,MIT,PERMISSIVE_OR_NOTICE,Retain applicable copyright/licence notices.,registry+https://github.com/rust-lang/crates.io-index
linux-raw-sys,0.12.1,Apache-2.0 WITH LLVM-exception OR Apache-2.0 OR MIT,PERMISSIVE_OR_NOTICE,Retain applicable copyright/licence notices.,registry+https://github.com/rust-lang/crates.io-index
litemap,0.8.3,Unicode-3.0,PERMISSIVE_OR_NOTICE,Retain applicable copyright/licence notices.,registry+https://github.com/rust-lang/crates.io-index
litrs,1.0.0,MIT OR Apache-2.0,PERMISSIVE_OR_NOTICE,Retain applicable copyright/licence notices.,registry+https://github.com/rust-lang/crates.io-index
lock_api,0.4.14,MIT OR Apache-2.0,PERMISSIVE_OR_NOTICE,Retain applicable copyright/licence notices.,registry+https://github.com/rust-lang/crates.io-index
log,0.4.29,MIT OR Apache-2.0,PERMISSIVE_OR_NOTICE,Retain applicable copyright/licence notices.,registry+https://github.com/rust-lang/crates.io-index
markup5ever,0.38.0,MIT OR Apache-2.0,PERMISSIVE_OR_NOTICE,Retain applicable copyright/licence notices.,registry+https://github.com/rust-lang/crates.io-index
memchr,2.8.0,Unlicense OR MIT,PERMISSIVE_OR_NOTICE,Retain applicable copyright/licence notices.,registry+https://github.com/rust-lang/crates.io-index
memoffset,0.9.1,MIT,PERMISSIVE_OR_NOTICE,Retain applicable copyright/licence notices.,registry+https://github.com/rust-lang/crates.io-index
mime,0.3.17,MIT OR Apache-2.0,PERMISSIVE_OR_NOTICE,Retain applicable copyright/licence notices.,registry+https://github.com/rust-lang/crates.io-index
minimal-lexical,0.2.1,MIT/Apache-2.0,PERMISSIVE_OR_NOTICE,Retain applicable copyright/licence notices.,registry+https://github.com/rust-lang/crates.io-index
miniz_oxide,0.8.9,MIT OR Zlib OR Apache-2.0,PERMISSIVE_OR_NOTICE,Retain applicable copyright/licence notices.,registry+https://github.com/rust-lang/crates.io-index
miniz_oxide,0.9.1,MIT OR Zlib OR Apache-2.0,PERMISSIVE_OR_NOTICE,Retain applicable copyright/licence notices.,registry+https://github.com/rust-lang/crates.io-index
mio,1.2.3,MIT,PERMISSIVE_OR_NOTICE,Retain applicable copyright/licence notices.,registry+https://github.com/rust-lang/crates.io-index
muda,0.19.3,Apache-2.0 OR MIT,PERMISSIVE_OR_NOTICE,Retain applicable copyright/licence notices.,registry+https://github.com/rust-lang/crates.io-index
ndk,0.9.0,MIT OR Apache-2.0,PERMISSIVE_OR_NOTICE,Retain applicable copyright/licence notices.,registry+https://github.com/rust-lang/crates.io-index
ndk-sys,0.6.0+11769913,MIT OR Apache-2.0,PERMISSIVE_OR_NOTICE,Retain applicable copyright/licence notices.,registry+https://github.com/rust-lang/crates.io-index
new_debug_unreachable,1.0.6,MIT,PERMISSIVE_OR_NOTICE,Retain applicable copyright/licence notices.,registry+https://github.com/rust-lang/crates.io-index
nom,7.1.3,MIT,PERMISSIVE_OR_NOTICE,Retain applicable copyright/licence notices.,registry+https://github.com/rust-lang/crates.io-index
num-conv,0.2.0,MIT OR Apache-2.0,PERMISSIVE_OR_NOTICE,Retain applicable copyright/licence notices.,registry+https://github.com/rust-lang/crates.io-index
num-traits,0.2.19,MIT OR Apache-2.0,PERMISSIVE_OR_NOTICE,Retain applicable copyright/licence notices.,registry+https://github.com/rust-lang/crates.io-index
num_enum,0.7.6,BSD-3-Clause OR MIT OR Apache-2.0,PERMISSIVE_OR_NOTICE,Retain applicable copyright/licence notices.,registry+https://github.com/rust-lang/crates.io-index
num_enum_derive,0.7.6,BSD-3-Clause OR MIT OR Apache-2.0,PERMISSIVE_OR_NOTICE,Retain applicable copyright/licence notices.,registry+https://github.com/rust-lang/crates.io-index
objc2,0.6.4,MIT,PERMISSIVE_OR_NOTICE,Retain applicable copyright/licence notices.,registry+https://github.com/rust-lang/crates.io-index
objc2-app-kit,0.3.2,Zlib OR Apache-2.0 OR MIT,PERMISSIVE_OR_NOTICE,Retain applicable copyright/licence notices.,registry+https://github.com/rust-lang/crates.io-index
objc2-cloud-kit,0.3.2,Zlib OR Apache-2.0 OR MIT,PERMISSIVE_OR_NOTICE,Retain applicable copyright/licence notices.,registry+https://github.com/rust-lang/crates.io-index
objc2-core-data,0.3.2,Zlib OR Apache-2.0 OR MIT,PERMISSIVE_OR_NOTICE,Retain applicable copyright/licence notices.,registry+https://github.com/rust-lang/crates.io-index
objc2-core-foundation,0.3.2,Zlib OR Apache-2.0 OR MIT,PERMISSIVE_OR_NOTICE,Retain applicable copyright/licence notices.,registry+https://github.com/rust-lang/crates.io-index
objc2-core-graphics,0.3.2,Zlib OR Apache-2.0 OR MIT,PERMISSIVE_OR_NOTICE,Retain applicable copyright/licence notices.,registry+https://github.com/rust-lang/crates.io-index
objc2-core-image,0.3.2,Zlib OR Apache-2.0 OR MIT,PERMISSIVE_OR_NOTICE,Retain applicable copyright/licence notices.,registry+https://github.com/rust-lang/crates.io-index
objc2-core-location,0.3.2,Zlib OR Apache-2.0 OR MIT,PERMISSIVE_OR_NOTICE,Retain applicable copyright/licence notices.,registry+https://github.com/rust-lang/crates.io-index
objc2-core-text,0.3.2,Zlib OR Apache-2.0 OR MIT,PERMISSIVE_OR_NOTICE,Retain applicable copyright/licence notices.,registry+https://github.com/rust-lang/crates.io-index
objc2-encode,4.1.0,MIT,PERMISSIVE_OR_NOTICE,Retain applicable copyright/licence notices.,registry+https://github.com/rust-lang/crates.io-index
objc2-exception-helper,0.1.1,Zlib OR Apache-2.0 OR MIT,PERMISSIVE_OR_NOTICE,Retain applicable copyright/licence notices.,registry+https://github.com/rust-lang/crates.io-index
objc2-foundation,0.3.2,MIT,PERMISSIVE_OR_NOTICE,Retain applicable copyright/licence notices.,registry+https://github.com/rust-lang/crates.io-index
objc2-io-surface,0.3.2,Zlib OR Apache-2.0 OR MIT,PERMISSIVE_OR_NOTICE,Retain applicable copyright/licence notices.,registry+https://github.com/rust-lang/crates.io-index
objc2-quartz-core,0.3.2,Zlib OR Apache-2.0 OR MIT,PERMISSIVE_OR_NOTICE,Retain applicable copyright/licence notices.,registry+https://github.com/rust-lang/crates.io-index
objc2-ui-kit,0.3.2,Zlib OR Apache-2.0 OR MIT,PERMISSIVE_OR_NOTICE,Retain applicable copyright/licence notices.,registry+https://github.com/rust-lang/crates.io-index
objc2-user-notifications,0.3.2,Zlib OR Apache-2.0 OR MIT,PERMISSIVE_OR_NOTICE,Retain applicable copyright/licence notices.,registry+https://github.com/rust-lang/crates.io-index
objc2-web-kit,0.3.2,Zlib OR Apache-2.0 OR MIT,PERMISSIVE_OR_NOTICE,Retain applicable copyright/licence notices.,registry+https://github.com/rust-lang/crates.io-index
ofx-rs,0.2.0,MIT,PERMISSIVE_OR_NOTICE,Retain applicable copyright/licence notices.,registry+https://github.com/rust-lang/crates.io-index
once_cell,1.21.4,MIT OR Apache-2.0,PERMISSIVE_OR_NOTICE,Retain applicable copyright/licence notices.,registry+https://github.com/rust-lang/crates.io-index
once_cell_polyfill,1.70.2,MIT OR Apache-2.0,PERMISSIVE_OR_NOTICE,Retain applicable copyright/licence notices.,registry+https://github.com/rust-lang/crates.io-index
openssl-src,300.5.4+3.5.4,MIT/Apache-2.0,PERMISSIVE_OR_NOTICE,Retain applicable copyright/licence notices.,registry+https://github.com/rust-lang/crates.io-index
openssl-sys,0.9.112,MIT,PERMISSIVE_OR_NOTICE,Retain applicable copyright/licence notices.,registry+https://github.com/rust-lang/crates.io-index
option-ext,0.2.0,MPL-2.0,WEAK_COPYLEFT_FILE_LEVEL,Preserve MPL notices; make MPL-covered source/modifications available as required.,registry+https://github.com/rust-lang/crates.io-index
pango,0.18.3,MIT,PERMISSIVE_OR_NOTICE,Retain applicable copyright/licence notices.,registry+https://github.com/rust-lang/crates.io-index
pango-sys,0.18.0,MIT,PERMISSIVE_OR_NOTICE,Retain applicable copyright/licence notices.,registry+https://github.com/rust-lang/crates.io-index
parking_lot,0.12.5,MIT OR Apache-2.0,PERMISSIVE_OR_NOTICE,Retain applicable copyright/licence notices.,registry+https://github.com/rust-lang/crates.io-index
parking_lot_core,0.9.12,MIT OR Apache-2.0,PERMISSIVE_OR_NOTICE,Retain applicable copyright/licence notices.,registry+https://github.com/rust-lang/crates.io-index
percent-encoding,2.3.2,MIT OR Apache-2.0,PERMISSIVE_OR_NOTICE,Retain applicable copyright/licence notices.,registry+https://github.com/rust-lang/crates.io-index
phf,0.13.1,MIT,PERMISSIVE_OR_NOTICE,Retain applicable copyright/licence notices.,registry+https://github.com/rust-lang/crates.io-index
phf_codegen,0.13.1,MIT,PERMISSIVE_OR_NOTICE,Retain applicable copyright/licence notices.,registry+https://github.com/rust-lang/crates.io-index
phf_generator,0.13.1,MIT,PERMISSIVE_OR_NOTICE,Retain applicable copyright/licence notices.,registry+https://github.com/rust-lang/crates.io-index
phf_macros,0.13.1,MIT,PERMISSIVE_OR_NOTICE,Retain applicable copyright/licence notices.,registry+https://github.com/rust-lang/crates.io-index
phf_shared,0.13.1,MIT,PERMISSIVE_OR_NOTICE,Retain applicable copyright/licence notices.,registry+https://github.com/rust-lang/crates.io-index
pin-project-lite,0.2.17,Apache-2.0 OR MIT,PERMISSIVE_OR_NOTICE,Retain applicable copyright/licence notices.,registry+https://github.com/rust-lang/crates.io-index
pkg-config,0.3.32,MIT OR Apache-2.0,PERMISSIVE_OR_NOTICE,Retain applicable copyright/licence notices.,registry+https://github.com/rust-lang/crates.io-index
plist,1.10.0,MIT,PERMISSIVE_OR_NOTICE,Retain applicable copyright/licence notices.,registry+https://github.com/rust-lang/crates.io-index
png,0.17.16,MIT OR Apache-2.0,PERMISSIVE_OR_NOTICE,Retain applicable copyright/licence notices.,registry+https://github.com/rust-lang/crates.io-index
png,0.18.1,MIT OR Apache-2.0,PERMISSIVE_OR_NOTICE,Retain applicable copyright/licence notices.,registry+https://github.com/rust-lang/crates.io-index
portable-atomic,1.15.0,Apache-2.0 OR MIT,PERMISSIVE_OR_NOTICE,Retain applicable copyright/licence notices.,registry+https://github.com/rust-lang/crates.io-index
portable-atomic-util,0.2.7,Apache-2.0 OR MIT,PERMISSIVE_OR_NOTICE,Retain applicable copyright/licence notices.,registry+https://github.com/rust-lang/crates.io-index
potential_utf,0.1.6,Unicode-3.0,PERMISSIVE_OR_NOTICE,Retain applicable copyright/licence notices.,registry+https://github.com/rust-lang/crates.io-index
powerfmt,0.2.0,MIT OR Apache-2.0,PERMISSIVE_OR_NOTICE,Retain applicable copyright/licence notices.,registry+https://github.com/rust-lang/crates.io-index
ppv-lite86,0.2.21,MIT OR Apache-2.0,PERMISSIVE_OR_NOTICE,Retain applicable copyright/licence notices.,registry+https://github.com/rust-lang/crates.io-index
precomputed-hash,0.1.1,MIT,PERMISSIVE_OR_NOTICE,Retain applicable copyright/licence notices.,registry+https://github.com/rust-lang/crates.io-index
prettyplease,0.2.37,MIT OR Apache-2.0,PERMISSIVE_OR_NOTICE,Retain applicable copyright/licence notices.,registry+https://github.com/rust-lang/crates.io-index
proc-macro-crate,1.3.1,MIT OR Apache-2.0,PERMISSIVE_OR_NOTICE,Retain applicable copyright/licence notices.,registry+https://github.com/rust-lang/crates.io-index
proc-macro-crate,2.0.2,MIT OR Apache-2.0,PERMISSIVE_OR_NOTICE,Retain applicable copyright/licence notices.,registry+https://github.com/rust-lang/crates.io-index
proc-macro-crate,3.5.0,MIT OR Apache-2.0,PERMISSIVE_OR_NOTICE,Retain applicable copyright/licence notices.,registry+https://github.com/rust-lang/crates.io-index
proc-macro-error,1.0.4,MIT OR Apache-2.0,PERMISSIVE_OR_NOTICE,Retain applicable copyright/licence notices.,registry+https://github.com/rust-lang/crates.io-index
proc-macro-error-attr,1.0.4,MIT OR Apache-2.0,PERMISSIVE_OR_NOTICE,Retain applicable copyright/licence notices.,registry+https://github.com/rust-lang/crates.io-index
proc-macro2,1.0.106,MIT OR Apache-2.0,PERMISSIVE_OR_NOTICE,Retain applicable copyright/licence notices.,registry+https://github.com/rust-lang/crates.io-index
ptr_meta,0.1.4,MIT,PERMISSIVE_OR_NOTICE,Retain applicable copyright/licence notices.,registry+https://github.com/rust-lang/crates.io-index
ptr_meta_derive,0.1.4,MIT,PERMISSIVE_OR_NOTICE,Retain applicable copyright/licence notices.,registry+https://github.com/rust-lang/crates.io-index
quick-xml,0.39.2,MIT,PERMISSIVE_OR_NOTICE,Retain applicable copyright/licence notices.,registry+https://github.com/rust-lang/crates.io-index
quick-xml,0.41.0,MIT,PERMISSIVE_OR_NOTICE,Retain applicable copyright/licence notices.,registry+https://github.com/rust-lang/crates.io-index
quote,1.0.45,MIT OR Apache-2.0,PERMISSIVE_OR_NOTICE,Retain applicable copyright/licence notices.,registry+https://github.com/rust-lang/crates.io-index
r-efi,5.3.0,MIT OR Apache-2.0 OR LGPL-2.1-or-later,PERMISSIVE_ALTERNATIVE_SELECTED,Rely on MIT or Apache-2.0 alternative; do not select LGPL branch for Shark distribution.,registry+https://github.com/rust-lang/crates.io-index
r-efi,6.0.0,MIT OR Apache-2.0 OR LGPL-2.1-or-later,PERMISSIVE_ALTERNATIVE_SELECTED,Rely on MIT or Apache-2.0 alternative; do not select LGPL branch for Shark distribution.,registry+https://github.com/rust-lang/crates.io-index
radium,0.7.0,MIT,PERMISSIVE_OR_NOTICE,Retain applicable copyright/licence notices.,registry+https://github.com/rust-lang/crates.io-index
rand,0.8.5,MIT OR Apache-2.0,PERMISSIVE_OR_NOTICE,Retain applicable copyright/licence notices.,registry+https://github.com/rust-lang/crates.io-index
rand_chacha,0.3.1,MIT OR Apache-2.0,PERMISSIVE_OR_NOTICE,Retain applicable copyright/licence notices.,registry+https://github.com/rust-lang/crates.io-index
rand_core,0.6.4,MIT OR Apache-2.0,PERMISSIVE_OR_NOTICE,Retain applicable copyright/licence notices.,registry+https://github.com/rust-lang/crates.io-index
raw-window-handle,0.6.2,MIT OR Apache-2.0 OR Zlib,PERMISSIVE_OR_NOTICE,Retain applicable copyright/licence notices.,registry+https://github.com/rust-lang/crates.io-index
redox_syscall,0.5.18,MIT,PERMISSIVE_OR_NOTICE,Retain applicable copyright/licence notices.,registry+https://github.com/rust-lang/crates.io-index
redox_users,0.5.2,MIT,PERMISSIVE_OR_NOTICE,Retain applicable copyright/licence notices.,registry+https://github.com/rust-lang/crates.io-index
ref-cast,1.0.27,MIT OR Apache-2.0,PERMISSIVE_OR_NOTICE,Retain applicable copyright/licence notices.,registry+https://github.com/rust-lang/crates.io-index
ref-cast-impl,1.0.27,MIT OR Apache-2.0,PERMISSIVE_OR_NOTICE,Retain applicable copyright/licence notices.,registry+https://github.com/rust-lang/crates.io-index
regex,1.12.3,MIT OR Apache-2.0,PERMISSIVE_OR_NOTICE,Retain applicable copyright/licence notices.,registry+https://github.com/rust-lang/crates.io-index
regex-automata,0.4.14,MIT OR Apache-2.0,PERMISSIVE_OR_NOTICE,Retain applicable copyright/licence notices.,registry+https://github.com/rust-lang/crates.io-index
regex-syntax,0.8.10,MIT OR Apache-2.0,PERMISSIVE_OR_NOTICE,Retain applicable copyright/licence notices.,registry+https://github.com/rust-lang/crates.io-index
rend,0.4.2,MIT,PERMISSIVE_OR_NOTICE,Retain applicable copyright/licence notices.,registry+https://github.com/rust-lang/crates.io-index
reqwest,0.13.4,MIT OR Apache-2.0,PERMISSIVE_OR_NOTICE,Retain applicable copyright/licence notices.,registry+https://github.com/rust-lang/crates.io-index
rkyv,0.7.46,MIT,PERMISSIVE_OR_NOTICE,Retain applicable copyright/licence notices.,registry+https://github.com/rust-lang/crates.io-index
rkyv_derive,0.7.46,MIT,PERMISSIVE_OR_NOTICE,Retain applicable copyright/licence notices.,registry+https://github.com/rust-lang/crates.io-index
rpassword,7.4.0,Apache-2.0,PERMISSIVE_OR_NOTICE,Retain applicable copyright/licence notices.,registry+https://github.com/rust-lang/crates.io-index
rsqlite-vfs,0.1.0,MIT,PERMISSIVE_OR_NOTICE,Retain applicable copyright/licence notices.,registry+https://github.com/rust-lang/crates.io-index
rtoolbox,0.0.3,Apache-2.0,PERMISSIVE_OR_NOTICE,Retain applicable copyright/licence notices.,registry+https://github.com/rust-lang/crates.io-index
rusqlite,0.39.0,MIT,PERMISSIVE_OR_NOTICE,Retain applicable copyright/licence notices.,registry+https://github.com/rust-lang/crates.io-index
rust_decimal,1.40.0,MIT,PERMISSIVE_OR_NOTICE,Retain applicable copyright/licence notices.,registry+https://github.com/rust-lang/crates.io-index
rustc-hash,2.1.3,Apache-2.0 OR MIT,PERMISSIVE_OR_NOTICE,Retain applicable copyright/licence notices.,registry+https://github.com/rust-lang/crates.io-index
rustc_version,0.4.1,MIT OR Apache-2.0,PERMISSIVE_OR_NOTICE,Retain applicable copyright/licence notices.,registry+https://github.com/rust-lang/crates.io-index
rustix,1.1.4,Apache-2.0 WITH LLVM-exception OR Apache-2.0 OR MIT,PERMISSIVE_OR_NOTICE,Retain applicable copyright/licence notices.,registry+https://github.com/rust-lang/crates.io-index
rustversion,1.0.22,MIT OR Apache-2.0,PERMISSIVE_OR_NOTICE,Retain applicable copyright/licence notices.,registry+https://github.com/rust-lang/crates.io-index
ryu,1.0.23,Apache-2.0 OR BSL-1.0,PERMISSIVE_OR_NOTICE,Retain applicable copyright/licence notices.,registry+https://github.com/rust-lang/crates.io-index
same-file,1.0.6,Unlicense/MIT,PERMISSIVE_OR_NOTICE,Retain applicable copyright/licence notices.,registry+https://github.com/rust-lang/crates.io-index
schemars,0.8.22,MIT,PERMISSIVE_OR_NOTICE,Retain applicable copyright/licence notices.,registry+https://github.com/rust-lang/crates.io-index
schemars,0.9.0,MIT,PERMISSIVE_OR_NOTICE,Retain applicable copyright/licence notices.,registry+https://github.com/rust-lang/crates.io-index
schemars,1.2.2,MIT,PERMISSIVE_OR_NOTICE,Retain applicable copyright/licence notices.,registry+https://github.com/rust-lang/crates.io-index
schemars_derive,0.8.22,MIT,PERMISSIVE_OR_NOTICE,Retain applicable copyright/licence notices.,registry+https://github.com/rust-lang/crates.io-index
scopeguard,1.2.0,MIT OR Apache-2.0,PERMISSIVE_OR_NOTICE,Retain applicable copyright/licence notices.,registry+https://github.com/rust-lang/crates.io-index
seahash,4.1.0,MIT,PERMISSIVE_OR_NOTICE,Retain applicable copyright/licence notices.,registry+https://github.com/rust-lang/crates.io-index
secrecy,0.10.3,Apache-2.0 OR MIT,PERMISSIVE_OR_NOTICE,Retain applicable copyright/licence notices.,registry+https://github.com/rust-lang/crates.io-index
selectors,0.36.1,MPL-2.0,WEAK_COPYLEFT_FILE_LEVEL,Preserve MPL notices; make MPL-covered source/modifications available as required.,registry+https://github.com/rust-lang/crates.io-index
semver,1.0.27,MIT OR Apache-2.0,PERMISSIVE_OR_NOTICE,Retain applicable copyright/licence notices.,registry+https://github.com/rust-lang/crates.io-index
serde,1.0.228,MIT OR Apache-2.0,PERMISSIVE_OR_NOTICE,Retain applicable copyright/licence notices.,registry+https://github.com/rust-lang/crates.io-index
serde-untagged,0.1.9,MIT OR Apache-2.0,PERMISSIVE_OR_NOTICE,Retain applicable copyright/licence notices.,registry+https://github.com/rust-lang/crates.io-index
serde_core,1.0.228,MIT OR Apache-2.0,PERMISSIVE_OR_NOTICE,Retain applicable copyright/licence notices.,registry+https://github.com/rust-lang/crates.io-index
serde_derive,1.0.228,MIT OR Apache-2.0,PERMISSIVE_OR_NOTICE,Retain applicable copyright/licence notices.,registry+https://github.com/rust-lang/crates.io-index
serde_derive_internals,0.29.1,MIT OR Apache-2.0,PERMISSIVE_OR_NOTICE,Retain applicable copyright/licence notices.,registry+https://github.com/rust-lang/crates.io-index
serde_json,1.0.149,MIT OR Apache-2.0,PERMISSIVE_OR_NOTICE,Retain applicable copyright/licence notices.,registry+https://github.com/rust-lang/crates.io-index
serde_repr,0.1.21,MIT OR Apache-2.0,PERMISSIVE_OR_NOTICE,Retain applicable copyright/licence notices.,registry+https://github.com/rust-lang/crates.io-index
serde_spanned,0.6.9,MIT OR Apache-2.0,PERMISSIVE_OR_NOTICE,Retain applicable copyright/licence notices.,registry+https://github.com/rust-lang/crates.io-index
serde_spanned,1.1.1,MIT OR Apache-2.0,PERMISSIVE_OR_NOTICE,Retain applicable copyright/licence notices.,registry+https://github.com/rust-lang/crates.io-index
serde_with,3.22.0,MIT OR Apache-2.0,PERMISSIVE_OR_NOTICE,Retain applicable copyright/licence notices.,registry+https://github.com/rust-lang/crates.io-index
serde_with_macros,3.22.0,MIT OR Apache-2.0,PERMISSIVE_OR_NOTICE,Retain applicable copyright/licence notices.,registry+https://github.com/rust-lang/crates.io-index
serialize-to-javascript,0.1.2,MIT OR Apache-2.0,PERMISSIVE_OR_NOTICE,Retain applicable copyright/licence notices.,registry+https://github.com/rust-lang/crates.io-index
serialize-to-javascript-impl,0.1.2,MIT OR Apache-2.0,PERMISSIVE_OR_NOTICE,Retain applicable copyright/licence notices.,registry+https://github.com/rust-lang/crates.io-index
servo_arc,0.4.3,MIT OR Apache-2.0,PERMISSIVE_OR_NOTICE,Retain applicable copyright/licence notices.,registry+https://github.com/rust-lang/crates.io-index
sha2,0.10.9,MIT OR Apache-2.0,PERMISSIVE_OR_NOTICE,Retain applicable copyright/licence notices.,registry+https://github.com/rust-lang/crates.io-index
shark-foundation,0.0.1,Apache-2.0,PERMISSIVE_OR_NOTICE,Retain applicable copyright/licence notices.,workspace/path
shark-tauri-spike,0.0.1,Apache-2.0,PERMISSIVE_OR_NOTICE,Retain applicable copyright/licence notices.,workspace/path
shlex,1.3.0,MIT OR Apache-2.0,PERMISSIVE_OR_NOTICE,Retain applicable copyright/licence notices.,registry+https://github.com/rust-lang/crates.io-index
simd-adler32,0.3.10,MIT,PERMISSIVE_OR_NOTICE,Retain applicable copyright/licence notices.,registry+https://github.com/rust-lang/crates.io-index
simdutf8,0.1.5,MIT OR Apache-2.0,PERMISSIVE_OR_NOTICE,Retain applicable copyright/licence notices.,registry+https://github.com/rust-lang/crates.io-index
siphasher,1.0.3,MIT/Apache-2.0,PERMISSIVE_OR_NOTICE,Retain applicable copyright/licence notices.,registry+https://github.com/rust-lang/crates.io-index
slab,0.4.12,MIT,PERMISSIVE_OR_NOTICE,Retain applicable copyright/licence notices.,registry+https://github.com/rust-lang/crates.io-index
smallvec,1.15.1,MIT OR Apache-2.0,PERMISSIVE_OR_NOTICE,Retain applicable copyright/licence notices.,registry+https://github.com/rust-lang/crates.io-index
socket2,0.6.5,MIT OR Apache-2.0,PERMISSIVE_OR_NOTICE,Retain applicable copyright/licence notices.,registry+https://github.com/rust-lang/crates.io-index
softbuffer,0.4.8,MIT OR Apache-2.0,PERMISSIVE_OR_NOTICE,Retain applicable copyright/licence notices.,registry+https://github.com/rust-lang/crates.io-index
soup3,0.5.0,MIT,PERMISSIVE_OR_NOTICE,Retain applicable copyright/licence notices.,registry+https://github.com/rust-lang/crates.io-index
soup3-sys,0.5.0,MIT,PERMISSIVE_OR_NOTICE,Retain applicable copyright/licence notices.,registry+https://github.com/rust-lang/crates.io-index
sqlite-wasm-rs,0.5.2,MIT,PERMISSIVE_OR_NOTICE,Retain applicable copyright/licence notices.,registry+https://github.com/rust-lang/crates.io-index
stable_deref_trait,1.2.1,MIT OR Apache-2.0,PERMISSIVE_OR_NOTICE,Retain applicable copyright/licence notices.,registry+https://github.com/rust-lang/crates.io-index
string_cache,0.9.0,MIT OR Apache-2.0,PERMISSIVE_OR_NOTICE,Retain applicable copyright/licence notices.,registry+https://github.com/rust-lang/crates.io-index
string_cache_codegen,0.6.1,MIT OR Apache-2.0,PERMISSIVE_OR_NOTICE,Retain applicable copyright/licence notices.,registry+https://github.com/rust-lang/crates.io-index
strsim,0.11.1,MIT,PERMISSIVE_OR_NOTICE,Retain applicable copyright/licence notices.,registry+https://github.com/rust-lang/crates.io-index
swift-rs,1.0.8,MIT OR Apache-2.0,PERMISSIVE_OR_NOTICE,Retain applicable copyright/licence notices.,registry+https://github.com/rust-lang/crates.io-index
syn,1.0.109,MIT OR Apache-2.0,PERMISSIVE_OR_NOTICE,Retain applicable copyright/licence notices.,registry+https://github.com/rust-lang/crates.io-index
syn,2.0.117,MIT OR Apache-2.0,PERMISSIVE_OR_NOTICE,Retain applicable copyright/licence notices.,registry+https://github.com/rust-lang/crates.io-index
syn,3.0.4,MIT OR Apache-2.0,PERMISSIVE_OR_NOTICE,Retain applicable copyright/licence notices.,registry+https://github.com/rust-lang/crates.io-index
sync_wrapper,1.0.2,Apache-2.0,PERMISSIVE_OR_NOTICE,Retain applicable copyright/licence notices.,registry+https://github.com/rust-lang/crates.io-index
synstructure,0.13.2,MIT,PERMISSIVE_OR_NOTICE,Retain applicable copyright/licence notices.,registry+https://github.com/rust-lang/crates.io-index
system-deps,6.2.2,MIT OR Apache-2.0,PERMISSIVE_OR_NOTICE,Retain applicable copyright/licence notices.,registry+https://github.com/rust-lang/crates.io-index
tao,0.35.3,Apache-2.0,PERMISSIVE_OR_NOTICE,Retain applicable copyright/licence notices.,registry+https://github.com/rust-lang/crates.io-index
tao-macros,0.1.4,MIT OR Apache-2.0,PERMISSIVE_OR_NOTICE,Retain applicable copyright/licence notices.,registry+https://github.com/rust-lang/crates.io-index
tap,1.0.1,MIT,PERMISSIVE_OR_NOTICE,Retain applicable copyright/licence notices.,registry+https://github.com/rust-lang/crates.io-index
target-lexicon,0.12.16,Apache-2.0 WITH LLVM-exception,PERMISSIVE_OR_NOTICE,Retain applicable copyright/licence notices.,registry+https://github.com/rust-lang/crates.io-index
tauri,2.11.5,Apache-2.0 OR MIT,PERMISSIVE_OR_NOTICE,Retain applicable copyright/licence notices.,registry+https://github.com/rust-lang/crates.io-index
tauri-build,2.6.3,Apache-2.0 OR MIT,PERMISSIVE_OR_NOTICE,Retain applicable copyright/licence notices.,registry+https://github.com/rust-lang/crates.io-index
tauri-codegen,2.6.3,Apache-2.0 OR MIT,PERMISSIVE_OR_NOTICE,Retain applicable copyright/licence notices.,registry+https://github.com/rust-lang/crates.io-index
tauri-macros,2.6.3,Apache-2.0 OR MIT,PERMISSIVE_OR_NOTICE,Retain applicable copyright/licence notices.,registry+https://github.com/rust-lang/crates.io-index
tauri-runtime,2.11.3,Apache-2.0 OR MIT,PERMISSIVE_OR_NOTICE,Retain applicable copyright/licence notices.,registry+https://github.com/rust-lang/crates.io-index
tauri-runtime-wry,2.11.4,Apache-2.0 OR MIT,PERMISSIVE_OR_NOTICE,Retain applicable copyright/licence notices.,registry+https://github.com/rust-lang/crates.io-index
tauri-utils,2.9.3,Apache-2.0 OR MIT,PERMISSIVE_OR_NOTICE,Retain applicable copyright/licence notices.,registry+https://github.com/rust-lang/crates.io-index
tauri-winres,0.3.6,MIT,PERMISSIVE_OR_NOTICE,Retain applicable copyright/licence notices.,registry+https://github.com/rust-lang/crates.io-index
tendril,0.5.1,MIT OR Apache-2.0,PERMISSIVE_OR_NOTICE,Retain applicable copyright/licence notices.,registry+https://github.com/rust-lang/crates.io-index
thiserror,1.0.69,MIT OR Apache-2.0,PERMISSIVE_OR_NOTICE,Retain applicable copyright/licence notices.,registry+https://github.com/rust-lang/crates.io-index
thiserror,2.0.18,MIT OR Apache-2.0,PERMISSIVE_OR_NOTICE,Retain applicable copyright/licence notices.,registry+https://github.com/rust-lang/crates.io-index
thiserror-impl,1.0.69,MIT OR Apache-2.0,PERMISSIVE_OR_NOTICE,Retain applicable copyright/licence notices.,registry+https://github.com/rust-lang/crates.io-index
thiserror-impl,2.0.18,MIT OR Apache-2.0,PERMISSIVE_OR_NOTICE,Retain applicable copyright/licence notices.,registry+https://github.com/rust-lang/crates.io-index
time,0.3.47,MIT OR Apache-2.0,PERMISSIVE_OR_NOTICE,Retain applicable copyright/licence notices.,registry+https://github.com/rust-lang/crates.io-index
time-core,0.1.8,MIT OR Apache-2.0,PERMISSIVE_OR_NOTICE,Retain applicable copyright/licence notices.,registry+https://github.com/rust-lang/crates.io-index
time-macros,0.2.27,MIT OR Apache-2.0,PERMISSIVE_OR_NOTICE,Retain applicable copyright/licence notices.,registry+https://github.com/rust-lang/crates.io-index
tinystr,0.8.4,Unicode-3.0,PERMISSIVE_OR_NOTICE,Retain applicable copyright/licence notices.,registry+https://github.com/rust-lang/crates.io-index
tinyvec,1.11.0,Zlib OR Apache-2.0 OR MIT,PERMISSIVE_OR_NOTICE,Retain applicable copyright/licence notices.,registry+https://github.com/rust-lang/crates.io-index
tinyvec_macros,0.1.1,MIT OR Apache-2.0 OR Zlib,PERMISSIVE_OR_NOTICE,Retain applicable copyright/licence notices.,registry+https://github.com/rust-lang/crates.io-index
tokio,1.53.1,MIT,PERMISSIVE_OR_NOTICE,Retain applicable copyright/licence notices.,registry+https://github.com/rust-lang/crates.io-index
tokio-util,0.7.19,MIT,PERMISSIVE_OR_NOTICE,Retain applicable copyright/licence notices.,registry+https://github.com/rust-lang/crates.io-index
toml,0.8.2,MIT OR Apache-2.0,PERMISSIVE_OR_NOTICE,Retain applicable copyright/licence notices.,registry+https://github.com/rust-lang/crates.io-index
toml,0.9.12+spec-1.1.0,MIT OR Apache-2.0,PERMISSIVE_OR_NOTICE,Retain applicable copyright/licence notices.,registry+https://github.com/rust-lang/crates.io-index
toml,1.0.7+spec-1.1.0,MIT OR Apache-2.0,PERMISSIVE_OR_NOTICE,Retain applicable copyright/licence notices.,registry+https://github.com/rust-lang/crates.io-index
toml_datetime,0.6.3,MIT OR Apache-2.0,PERMISSIVE_OR_NOTICE,Retain applicable copyright/licence notices.,registry+https://github.com/rust-lang/crates.io-index
toml_datetime,0.7.5+spec-1.1.0,MIT OR Apache-2.0,PERMISSIVE_OR_NOTICE,Retain applicable copyright/licence notices.,registry+https://github.com/rust-lang/crates.io-index
toml_datetime,1.0.1+spec-1.1.0,MIT OR Apache-2.0,PERMISSIVE_OR_NOTICE,Retain applicable copyright/licence notices.,registry+https://github.com/rust-lang/crates.io-index
toml_edit,0.19.15,MIT OR Apache-2.0,PERMISSIVE_OR_NOTICE,Retain applicable copyright/licence notices.,registry+https://github.com/rust-lang/crates.io-index
toml_edit,0.20.2,MIT OR Apache-2.0,PERMISSIVE_OR_NOTICE,Retain applicable copyright/licence notices.,registry+https://github.com/rust-lang/crates.io-index
toml_edit,0.25.5+spec-1.1.0,MIT OR Apache-2.0,PERMISSIVE_OR_NOTICE,Retain applicable copyright/licence notices.,registry+https://github.com/rust-lang/crates.io-index
toml_parser,1.0.10+spec-1.1.0,MIT OR Apache-2.0,PERMISSIVE_OR_NOTICE,Retain applicable copyright/licence notices.,registry+https://github.com/rust-lang/crates.io-index
toml_writer,1.1.2+spec-1.1.0,MIT OR Apache-2.0,PERMISSIVE_OR_NOTICE,Retain applicable copyright/licence notices.,registry+https://github.com/rust-lang/crates.io-index
tower,0.5.3,MIT,PERMISSIVE_OR_NOTICE,Retain applicable copyright/licence notices.,registry+https://github.com/rust-lang/crates.io-index
tower-http,0.6.11,MIT,PERMISSIVE_OR_NOTICE,Retain applicable copyright/licence notices.,registry+https://github.com/rust-lang/crates.io-index
tower-layer,0.3.3,MIT,PERMISSIVE_OR_NOTICE,Retain applicable copyright/licence notices.,registry+https://github.com/rust-lang/crates.io-index
tower-service,0.3.3,MIT,PERMISSIVE_OR_NOTICE,Retain applicable copyright/licence notices.,registry+https://github.com/rust-lang/crates.io-index
tracing,0.1.44,MIT,PERMISSIVE_OR_NOTICE,Retain applicable copyright/licence notices.,registry+https://github.com/rust-lang/crates.io-index
tracing-core,0.1.36,MIT,PERMISSIVE_OR_NOTICE,Retain applicable copyright/licence notices.,registry+https://github.com/rust-lang/crates.io-index
tray-icon,0.24.2,MIT OR Apache-2.0,PERMISSIVE_OR_NOTICE,Retain applicable copyright/licence notices.,registry+https://github.com/rust-lang/crates.io-index
try-lock,0.2.5,MIT,PERMISSIVE_OR_NOTICE,Retain applicable copyright/licence notices.,registry+https://github.com/rust-lang/crates.io-index
typeid,1.0.3,MIT OR Apache-2.0,PERMISSIVE_OR_NOTICE,Retain applicable copyright/licence notices.,registry+https://github.com/rust-lang/crates.io-index
typenum,1.19.0,MIT OR Apache-2.0,PERMISSIVE_OR_NOTICE,Retain applicable copyright/licence notices.,registry+https://github.com/rust-lang/crates.io-index
unic-char-property,0.9.0,MIT/Apache-2.0,PERMISSIVE_OR_NOTICE,Retain applicable copyright/licence notices.,registry+https://github.com/rust-lang/crates.io-index
unic-char-range,0.9.0,MIT/Apache-2.0,PERMISSIVE_OR_NOTICE,Retain applicable copyright/licence notices.,registry+https://github.com/rust-lang/crates.io-index
unic-common,0.9.0,MIT/Apache-2.0,PERMISSIVE_OR_NOTICE,Retain applicable copyright/licence notices.,registry+https://github.com/rust-lang/crates.io-index
unic-ucd-ident,0.9.0,MIT/Apache-2.0,PERMISSIVE_OR_NOTICE,Retain applicable copyright/licence notices.,registry+https://github.com/rust-lang/crates.io-index
unic-ucd-version,0.9.0,MIT/Apache-2.0,PERMISSIVE_OR_NOTICE,Retain applicable copyright/licence notices.,registry+https://github.com/rust-lang/crates.io-index
unicode-ident,1.0.24,(MIT OR Apache-2.0) AND Unicode-3.0,PERMISSIVE_OR_NOTICE,Retain applicable copyright/licence notices.,registry+https://github.com/rust-lang/crates.io-index
unicode-segmentation,1.12.0,MIT OR Apache-2.0,PERMISSIVE_OR_NOTICE,Retain applicable copyright/licence notices.,registry+https://github.com/rust-lang/crates.io-index
unicode-width,0.2.2,MIT OR Apache-2.0,PERMISSIVE_OR_NOTICE,Retain applicable copyright/licence notices.,registry+https://github.com/rust-lang/crates.io-index
unicode-xid,0.2.6,MIT OR Apache-2.0,PERMISSIVE_OR_NOTICE,Retain applicable copyright/licence notices.,registry+https://github.com/rust-lang/crates.io-index
url,2.5.8,MIT OR Apache-2.0,PERMISSIVE_OR_NOTICE,Retain applicable copyright/licence notices.,registry+https://github.com/rust-lang/crates.io-index
urlpattern,0.3.0,MIT,PERMISSIVE_OR_NOTICE,Retain applicable copyright/licence notices.,registry+https://github.com/rust-lang/crates.io-index
utf8_iter,1.0.4,Apache-2.0 OR MIT,PERMISSIVE_OR_NOTICE,Retain applicable copyright/licence notices.,registry+https://github.com/rust-lang/crates.io-index
utf8parse,0.2.2,Apache-2.0 OR MIT,PERMISSIVE_OR_NOTICE,Retain applicable copyright/licence notices.,registry+https://github.com/rust-lang/crates.io-index
uuid,1.22.0,Apache-2.0 OR MIT,PERMISSIVE_OR_NOTICE,Retain applicable copyright/licence notices.,registry+https://github.com/rust-lang/crates.io-index
vcpkg,0.2.15,MIT/Apache-2.0,PERMISSIVE_OR_NOTICE,Retain applicable copyright/licence notices.,registry+https://github.com/rust-lang/crates.io-index
version-compare,0.2.1,MIT,PERMISSIVE_OR_NOTICE,Retain applicable copyright/licence notices.,registry+https://github.com/rust-lang/crates.io-index
version_check,0.9.5,MIT/Apache-2.0,PERMISSIVE_OR_NOTICE,Retain applicable copyright/licence notices.,registry+https://github.com/rust-lang/crates.io-index
vswhom,0.1.0,MIT,PERMISSIVE_OR_NOTICE,Retain applicable copyright/licence notices.,registry+https://github.com/rust-lang/crates.io-index
vswhom-sys,0.1.3,MIT,PERMISSIVE_OR_NOTICE,Retain applicable copyright/licence notices.,registry+https://github.com/rust-lang/crates.io-index
vte,0.14.1,Apache-2.0 OR MIT,PERMISSIVE_OR_NOTICE,Retain applicable copyright/licence notices.,registry+https://github.com/rust-lang/crates.io-index
walkdir,2.5.0,Unlicense/MIT,PERMISSIVE_OR_NOTICE,Retain applicable copyright/licence notices.,registry+https://github.com/rust-lang/crates.io-index
want,0.3.1,MIT,PERMISSIVE_OR_NOTICE,Retain applicable copyright/licence notices.,registry+https://github.com/rust-lang/crates.io-index
wasi,0.11.1+wasi-snapshot-preview1,Apache-2.0 WITH LLVM-exception OR Apache-2.0 OR MIT,PERMISSIVE_OR_NOTICE,Retain applicable copyright/licence notices.,registry+https://github.com/rust-lang/crates.io-index
wasip2,1.0.1+wasi-0.2.4,Apache-2.0 WITH LLVM-exception OR Apache-2.0 OR MIT,PERMISSIVE_OR_NOTICE,Retain applicable copyright/licence notices.,registry+https://github.com/rust-lang/crates.io-index
wasip3,0.4.0+wasi-0.3.0-rc-2026-01-06,Apache-2.0 WITH LLVM-exception OR Apache-2.0 OR MIT,PERMISSIVE_OR_NOTICE,Retain applicable copyright/licence notices.,registry+https://github.com/rust-lang/crates.io-index
wasm-bindgen,0.2.114,MIT OR Apache-2.0,PERMISSIVE_OR_NOTICE,Retain applicable copyright/licence notices.,registry+https://github.com/rust-lang/crates.io-index
wasm-bindgen-futures,0.4.64,MIT OR Apache-2.0,PERMISSIVE_OR_NOTICE,Retain applicable copyright/licence notices.,registry+https://github.com/rust-lang/crates.io-index
wasm-bindgen-macro,0.2.114,MIT OR Apache-2.0,PERMISSIVE_OR_NOTICE,Retain applicable copyright/licence notices.,registry+https://github.com/rust-lang/crates.io-index
wasm-bindgen-macro-support,0.2.114,MIT OR Apache-2.0,PERMISSIVE_OR_NOTICE,Retain applicable copyright/licence notices.,registry+https://github.com/rust-lang/crates.io-index
wasm-bindgen-shared,0.2.114,MIT OR Apache-2.0,PERMISSIVE_OR_NOTICE,Retain applicable copyright/licence notices.,registry+https://github.com/rust-lang/crates.io-index
wasm-encoder,0.244.0,Apache-2.0 WITH LLVM-exception OR Apache-2.0 OR MIT,PERMISSIVE_OR_NOTICE,Retain applicable copyright/licence notices.,registry+https://github.com/rust-lang/crates.io-index
wasm-metadata,0.244.0,Apache-2.0 WITH LLVM-exception OR Apache-2.0 OR MIT,PERMISSIVE_OR_NOTICE,Retain applicable copyright/licence notices.,registry+https://github.com/rust-lang/crates.io-index
wasm-streams,0.5.0,MIT OR Apache-2.0,PERMISSIVE_OR_NOTICE,Retain applicable copyright/licence notices.,registry+https://github.com/rust-lang/crates.io-index
wasmparser,0.244.0,Apache-2.0 WITH LLVM-exception OR Apache-2.0 OR MIT,PERMISSIVE_OR_NOTICE,Retain applicable copyright/licence notices.,registry+https://github.com/rust-lang/crates.io-index
web-sys,0.3.91,MIT OR Apache-2.0,PERMISSIVE_OR_NOTICE,Retain applicable copyright/licence notices.,registry+https://github.com/rust-lang/crates.io-index
web_atoms,0.2.6,MIT OR Apache-2.0,PERMISSIVE_OR_NOTICE,Retain applicable copyright/licence notices.,registry+https://github.com/rust-lang/crates.io-index
webkit2gtk,2.0.2,MIT,PERMISSIVE_OR_NOTICE,Retain applicable copyright/licence notices.,registry+https://github.com/rust-lang/crates.io-index
webkit2gtk-sys,2.0.2,MIT,PERMISSIVE_OR_NOTICE,Retain applicable copyright/licence notices.,registry+https://github.com/rust-lang/crates.io-index
webview2-com,0.38.2,MIT,PERMISSIVE_OR_NOTICE,Retain applicable copyright/licence notices.,registry+https://github.com/rust-lang/crates.io-index
webview2-com-macros,0.8.1,MIT,PERMISSIVE_OR_NOTICE,Retain applicable copyright/licence notices.,registry+https://github.com/rust-lang/crates.io-index
webview2-com-sys,0.38.2,MIT,PERMISSIVE_OR_NOTICE,Retain applicable copyright/licence notices.,registry+https://github.com/rust-lang/crates.io-index
winapi,0.3.9,MIT/Apache-2.0,PERMISSIVE_OR_NOTICE,Retain applicable copyright/licence notices.,registry+https://github.com/rust-lang/crates.io-index
winapi-i686-pc-windows-gnu,0.4.0,MIT/Apache-2.0,PERMISSIVE_OR_NOTICE,Retain applicable copyright/licence notices.,registry+https://github.com/rust-lang/crates.io-index
winapi-util,0.1.11,Unlicense OR MIT,PERMISSIVE_OR_NOTICE,Retain applicable copyright/licence notices.,registry+https://github.com/rust-lang/crates.io-index
winapi-x86_64-pc-windows-gnu,0.4.0,MIT/Apache-2.0,PERMISSIVE_OR_NOTICE,Retain applicable copyright/licence notices.,registry+https://github.com/rust-lang/crates.io-index
window-vibrancy,0.6.0,Apache-2.0 OR MIT,PERMISSIVE_OR_NOTICE,Retain applicable copyright/licence notices.,registry+https://github.com/rust-lang/crates.io-index
windows,0.61.3,MIT OR Apache-2.0,PERMISSIVE_OR_NOTICE,Retain applicable copyright/licence notices.,registry+https://github.com/rust-lang/crates.io-index
windows-collections,0.2.0,MIT OR Apache-2.0,PERMISSIVE_OR_NOTICE,Retain applicable copyright/licence notices.,registry+https://github.com/rust-lang/crates.io-index
windows-core,0.61.2,MIT OR Apache-2.0,PERMISSIVE_OR_NOTICE,Retain applicable copyright/licence notices.,registry+https://github.com/rust-lang/crates.io-index
windows-core,0.62.2,MIT OR Apache-2.0,PERMISSIVE_OR_NOTICE,Retain applicable copyright/licence notices.,registry+https://github.com/rust-lang/crates.io-index
windows-future,0.2.1,MIT OR Apache-2.0,PERMISSIVE_OR_NOTICE,Retain applicable copyright/licence notices.,registry+https://github.com/rust-lang/crates.io-index
windows-implement,0.60.2,MIT OR Apache-2.0,PERMISSIVE_OR_NOTICE,Retain applicable copyright/licence notices.,registry+https://github.com/rust-lang/crates.io-index
windows-interface,0.59.3,MIT OR Apache-2.0,PERMISSIVE_OR_NOTICE,Retain applicable copyright/licence notices.,registry+https://github.com/rust-lang/crates.io-index
windows-link,0.1.3,MIT OR Apache-2.0,PERMISSIVE_OR_NOTICE,Retain applicable copyright/licence notices.,registry+https://github.com/rust-lang/crates.io-index
windows-link,0.2.1,MIT OR Apache-2.0,PERMISSIVE_OR_NOTICE,Retain applicable copyright/licence notices.,registry+https://github.com/rust-lang/crates.io-index
windows-numerics,0.2.0,MIT OR Apache-2.0,PERMISSIVE_OR_NOTICE,Retain applicable copyright/licence notices.,registry+https://github.com/rust-lang/crates.io-index
windows-result,0.3.4,MIT OR Apache-2.0,PERMISSIVE_OR_NOTICE,Retain applicable copyright/licence notices.,registry+https://github.com/rust-lang/crates.io-index
windows-result,0.4.1,MIT OR Apache-2.0,PERMISSIVE_OR_NOTICE,Retain applicable copyright/licence notices.,registry+https://github.com/rust-lang/crates.io-index
windows-strings,0.4.2,MIT OR Apache-2.0,PERMISSIVE_OR_NOTICE,Retain applicable copyright/licence notices.,registry+https://github.com/rust-lang/crates.io-index
windows-strings,0.5.1,MIT OR Apache-2.0,PERMISSIVE_OR_NOTICE,Retain applicable copyright/licence notices.,registry+https://github.com/rust-lang/crates.io-index
windows-sys,0.45.0,MIT OR Apache-2.0,PERMISSIVE_OR_NOTICE,Retain applicable copyright/licence notices.,registry+https://github.com/rust-lang/crates.io-index
windows-sys,0.52.0,MIT OR Apache-2.0,PERMISSIVE_OR_NOTICE,Retain applicable copyright/licence notices.,registry+https://github.com/rust-lang/crates.io-index
windows-sys,0.59.0,MIT OR Apache-2.0,PERMISSIVE_OR_NOTICE,Retain applicable copyright/licence notices.,registry+https://github.com/rust-lang/crates.io-index
windows-sys,0.61.2,MIT OR Apache-2.0,PERMISSIVE_OR_NOTICE,Retain applicable copyright/licence notices.,registry+https://github.com/rust-lang/crates.io-index
windows-targets,0.42.2,MIT OR Apache-2.0,PERMISSIVE_OR_NOTICE,Retain applicable copyright/licence notices.,registry+https://github.com/rust-lang/crates.io-index
windows-targets,0.52.6,MIT OR Apache-2.0,PERMISSIVE_OR_NOTICE,Retain applicable copyright/licence notices.,registry+https://github.com/rust-lang/crates.io-index
windows-threading,0.1.0,MIT OR Apache-2.0,PERMISSIVE_OR_NOTICE,Retain applicable copyright/licence notices.,registry+https://github.com/rust-lang/crates.io-index
windows-version,0.1.7,MIT OR Apache-2.0,PERMISSIVE_OR_NOTICE,Retain applicable copyright/licence notices.,registry+https://github.com/rust-lang/crates.io-index
windows_aarch64_gnullvm,0.42.2,MIT OR Apache-2.0,PERMISSIVE_OR_NOTICE,Retain applicable copyright/licence notices.,registry+https://github.com/rust-lang/crates.io-index
windows_aarch64_gnullvm,0.52.6,MIT OR Apache-2.0,PERMISSIVE_OR_NOTICE,Retain applicable copyright/licence notices.,registry+https://github.com/rust-lang/crates.io-index
windows_aarch64_msvc,0.42.2,MIT OR Apache-2.0,PERMISSIVE_OR_NOTICE,Retain applicable copyright/licence notices.,registry+https://github.com/rust-lang/crates.io-index
windows_aarch64_msvc,0.52.6,MIT OR Apache-2.0,PERMISSIVE_OR_NOTICE,Retain applicable copyright/licence notices.,registry+https://github.com/rust-lang/crates.io-index
windows_i686_gnu,0.42.2,MIT OR Apache-2.0,PERMISSIVE_OR_NOTICE,Retain applicable copyright/licence notices.,registry+https://github.com/rust-lang/crates.io-index
windows_i686_gnu,0.52.6,MIT OR Apache-2.0,PERMISSIVE_OR_NOTICE,Retain applicable copyright/licence notices.,registry+https://github.com/rust-lang/crates.io-index
windows_i686_gnullvm,0.52.6,MIT OR Apache-2.0,PERMISSIVE_OR_NOTICE,Retain applicable copyright/licence notices.,registry+https://github.com/rust-lang/crates.io-index
windows_i686_msvc,0.42.2,MIT OR Apache-2.0,PERMISSIVE_OR_NOTICE,Retain applicable copyright/licence notices.,registry+https://github.com/rust-lang/crates.io-index
windows_i686_msvc,0.52.6,MIT OR Apache-2.0,PERMISSIVE_OR_NOTICE,Retain applicable copyright/licence notices.,registry+https://github.com/rust-lang/crates.io-index
windows_x86_64_gnu,0.42.2,MIT OR Apache-2.0,PERMISSIVE_OR_NOTICE,Retain applicable copyright/licence notices.,registry+https://github.com/rust-lang/crates.io-index
windows_x86_64_gnu,0.52.6,MIT OR Apache-2.0,PERMISSIVE_OR_NOTICE,Retain applicable copyright/licence notices.,registry+https://github.com/rust-lang/crates.io-index
windows_x86_64_gnullvm,0.42.2,MIT OR Apache-2.0,PERMISSIVE_OR_NOTICE,Retain applicable copyright/licence notices.,registry+https://github.com/rust-lang/crates.io-index
windows_x86_64_gnullvm,0.52.6,MIT OR Apache-2.0,PERMISSIVE_OR_NOTICE,Retain applicable copyright/licence notices.,registry+https://github.com/rust-lang/crates.io-index
windows_x86_64_msvc,0.42.2,MIT OR Apache-2.0,PERMISSIVE_OR_NOTICE,Retain applicable copyright/licence notices.,registry+https://github.com/rust-lang/crates.io-index
windows_x86_64_msvc,0.52.6,MIT OR Apache-2.0,PERMISSIVE_OR_NOTICE,Retain applicable copyright/licence notices.,registry+https://github.com/rust-lang/crates.io-index
winnow,0.5.40,MIT,PERMISSIVE_OR_NOTICE,Retain applicable copyright/licence notices.,registry+https://github.com/rust-lang/crates.io-index
winnow,0.7.15,MIT,PERMISSIVE_OR_NOTICE,Retain applicable copyright/licence notices.,registry+https://github.com/rust-lang/crates.io-index
winnow,1.0.0,MIT,PERMISSIVE_OR_NOTICE,Retain applicable copyright/licence notices.,registry+https://github.com/rust-lang/crates.io-index
winreg,0.55.0,MIT,PERMISSIVE_OR_NOTICE,Retain applicable copyright/licence notices.,registry+https://github.com/rust-lang/crates.io-index
wit-bindgen,0.46.0,Apache-2.0 WITH LLVM-exception OR Apache-2.0 OR MIT,PERMISSIVE_OR_NOTICE,Retain applicable copyright/licence notices.,registry+https://github.com/rust-lang/crates.io-index
wit-bindgen,0.51.0,Apache-2.0 WITH LLVM-exception OR Apache-2.0 OR MIT,PERMISSIVE_OR_NOTICE,Retain applicable copyright/licence notices.,registry+https://github.com/rust-lang/crates.io-index
wit-bindgen-core,0.51.0,Apache-2.0 WITH LLVM-exception OR Apache-2.0 OR MIT,PERMISSIVE_OR_NOTICE,Retain applicable copyright/licence notices.,registry+https://github.com/rust-lang/crates.io-index
wit-bindgen-rust,0.51.0,Apache-2.0 WITH LLVM-exception OR Apache-2.0 OR MIT,PERMISSIVE_OR_NOTICE,Retain applicable copyright/licence notices.,registry+https://github.com/rust-lang/crates.io-index
wit-bindgen-rust-macro,0.51.0,Apache-2.0 WITH LLVM-exception OR Apache-2.0 OR MIT,PERMISSIVE_OR_NOTICE,Retain applicable copyright/licence notices.,registry+https://github.com/rust-lang/crates.io-index
wit-component,0.244.0,Apache-2.0 WITH LLVM-exception OR Apache-2.0 OR MIT,PERMISSIVE_OR_NOTICE,Retain applicable copyright/licence notices.,registry+https://github.com/rust-lang/crates.io-index
wit-parser,0.244.0,Apache-2.0 WITH LLVM-exception OR Apache-2.0 OR MIT,PERMISSIVE_OR_NOTICE,Retain applicable copyright/licence notices.,registry+https://github.com/rust-lang/crates.io-index
writeable,0.6.4,Unicode-3.0,PERMISSIVE_OR_NOTICE,Retain applicable copyright/licence notices.,registry+https://github.com/rust-lang/crates.io-index
wry,0.55.1,Apache-2.0 OR MIT,PERMISSIVE_OR_NOTICE,Retain applicable copyright/licence notices.,registry+https://github.com/rust-lang/crates.io-index
wyz,0.5.1,MIT,PERMISSIVE_OR_NOTICE,Retain applicable copyright/licence notices.,registry+https://github.com/rust-lang/crates.io-index
x11,2.21.0,MIT,PERMISSIVE_OR_NOTICE,Retain applicable copyright/licence notices.,registry+https://github.com/rust-lang/crates.io-index
x11-dl,2.21.0,MIT,PERMISSIVE_OR_NOTICE,Retain applicable copyright/licence notices.,registry+https://github.com/rust-lang/crates.io-index
yoke,0.8.3,Unicode-3.0,PERMISSIVE_OR_NOTICE,Retain applicable copyright/licence notices.,registry+https://github.com/rust-lang/crates.io-index
yoke-derive,0.8.2,Unicode-3.0,PERMISSIVE_OR_NOTICE,Retain applicable copyright/licence notices.,registry+https://github.com/rust-lang/crates.io-index
zerocopy,0.8.47,BSD-2-Clause OR Apache-2.0 OR MIT,PERMISSIVE_OR_NOTICE,Retain applicable copyright/licence notices.,registry+https://github.com/rust-lang/crates.io-index
zerocopy-derive,0.8.47,BSD-2-Clause OR Apache-2.0 OR MIT,PERMISSIVE_OR_NOTICE,Retain applicable copyright/licence notices.,registry+https://github.com/rust-lang/crates.io-index
zerofrom,0.1.8,Unicode-3.0,PERMISSIVE_OR_NOTICE,Retain applicable copyright/licence notices.,registry+https://github.com/rust-lang/crates.io-index
zerofrom-derive,0.1.7,Unicode-3.0,PERMISSIVE_OR_NOTICE,Retain applicable copyright/licence notices.,registry+https://github.com/rust-lang/crates.io-index
zeroize,1.8.2,Apache-2.0 OR MIT,PERMISSIVE_OR_NOTICE,Retain applicable copyright/licence notices.,registry+https://github.com/rust-lang/crates.io-index
zerotrie,0.2.5,Unicode-3.0,PERMISSIVE_OR_NOTICE,Retain applicable copyright/licence notices.,registry+https://github.com/rust-lang/crates.io-index
zerovec,0.11.8,Unicode-3.0,PERMISSIVE_OR_NOTICE,Retain applicable copyright/licence notices.,registry+https://github.com/rust-lang/crates.io-index
zerovec-derive,0.11.6,Unicode-3.0,PERMISSIVE_OR_NOTICE,Retain applicable copyright/licence notices.,registry+https://github.com/rust-lang/crates.io-index
zlib-rs,0.6.7,Zlib,PERMISSIVE_OR_NOTICE,Retain applicable copyright/licence notices.,registry+https://github.com/rust-lang/crates.io-index
zmij,1.0.21,MIT,PERMISSIVE_OR_NOTICE,Retain applicable copyright/licence notices.,registry+https://github.com/rust-lang/crates.io-index
