package,version,source,license,cargo_checksum,classification
adler2,2.0.1,registry+https://github.com/rust-lang/crates.io-index,0BSD OR MIT OR Apache-2.0,320119579fcad9c21884f5c4861d16174d0e06250625266f50fe6898340abefa,PERMISSIVE_OR_NOTICE
ahash,0.7.8,registry+https://github.com/rust-lang/crates.io-index,MIT OR Apache-2.0,891477e0c6a8957309ee5c45a6368af3ae14bb510732d2684ffa19af310920f9,PERMISSIVE_OR_NOTICE
aho-corasick,1.1.4,registry+https://github.com/rust-lang/crates.io-index,Unlicense OR MIT,ddd31a130427c27518df266943a5308ed92d4b226cc639f5a8f1002816174301,PERMISSIVE_OR_NOTICE
alloc-no-stdlib,2.0.4,registry+https://github.com/rust-lang/crates.io-index,BSD-3-Clause,cc7bb162ec39d46ab1ca8c77bf72e890535becd1751bb45f64c597edb4c8c6b3,PERMISSIVE_OR_NOTICE
alloc-stdlib,0.2.4,registry+https://github.com/rust-lang/crates.io-index,BSD-3-Clause,0e76a019e91224d279006ff972f1e984179a6e9feb050adba6ce8274aef23195,PERMISSIVE_OR_NOTICE
android_system_properties,0.1.5,registry+https://github.com/rust-lang/crates.io-index,MIT/Apache-2.0,819e7219dbd41043ac279b19830f2efc897156490d7fd6ea916720117ee66311,PERMISSIVE_OR_NOTICE
ansi-str,0.9.0,registry+https://github.com/rust-lang/crates.io-index,MIT,060de1453b69f46304b28274f382132f4e72c55637cf362920926a70d090890d,PERMISSIVE_OR_NOTICE
ansitok,0.3.0,registry+https://github.com/rust-lang/crates.io-index,MIT,c0a8acea8c2f1c60f0a92a8cd26bf96ca97db56f10bbcab238bbe0cceba659ee,PERMISSIVE_OR_NOTICE
anstream,1.0.0,registry+https://github.com/rust-lang/crates.io-index,MIT OR Apache-2.0,824a212faf96e9acacdbd09febd34438f8f711fb84e09a8916013cd7815ca28d,PERMISSIVE_OR_NOTICE
anstyle,1.0.14,registry+https://github.com/rust-lang/crates.io-index,MIT OR Apache-2.0,940b3a0ca603d1eade50a4846a2afffd5ef57a9feac2c0e2ec2e14f9ead76000,PERMISSIVE_OR_NOTICE
anstyle-parse,1.0.0,registry+https://github.com/rust-lang/crates.io-index,MIT OR Apache-2.0,52ce7f38b242319f7cabaa6813055467063ecdc9d355bbb4ce0c68908cd8130e,PERMISSIVE_OR_NOTICE
anstyle-query,1.1.5,registry+https://github.com/rust-lang/crates.io-index,MIT OR Apache-2.0,40c48f72fd53cd289104fc64099abca73db4166ad86ea0b4341abe65af83dadc,PERMISSIVE_OR_NOTICE
anstyle-wincon,3.0.11,registry+https://github.com/rust-lang/crates.io-index,MIT OR Apache-2.0,291e6a250ff86cd4a820112fb8898808a366d8f9f58ce16d1f538353ad55747d,PERMISSIVE_OR_NOTICE
anyhow,1.0.102,registry+https://github.com/rust-lang/crates.io-index,MIT OR Apache-2.0,7f202df86484c868dbad7eaa557ef785d5c66295e41b460ef922eca0723b842c,PERMISSIVE_OR_NOTICE
arrayvec,0.7.6,registry+https://github.com/rust-lang/crates.io-index,MIT OR Apache-2.0,7c02d123df017efcdfbd739ef81735b36c5ba83ec3c59c80a9d7ecc718f92e50,PERMISSIVE_OR_NOTICE
atk,0.18.2,registry+https://github.com/rust-lang/crates.io-index,MIT,241b621213072e993be4f6f3a9e4b45f65b7e6faad43001be957184b7bb1824b,PERMISSIVE_OR_NOTICE
atk-sys,0.18.2,registry+https://github.com/rust-lang/crates.io-index,MIT,c5e48b684b0ca77d2bbadeef17424c2ea3c897d44d566a1617e7e8f30614d086,PERMISSIVE_OR_NOTICE
atomic-waker,1.1.2,registry+https://github.com/rust-lang/crates.io-index,Apache-2.0 OR MIT,1505bd5d3d116872e7271a6d4e16d81d0c8570876c8de68093a09ac269d8aac0,PERMISSIVE_OR_NOTICE
autocfg,1.5.0,registry+https://github.com/rust-lang/crates.io-index,Apache-2.0 OR MIT,c08606f8c3cbf4ce6ec8e28fb0014a2c086708fe954eaa885384a6165172e7e8,PERMISSIVE_OR_NOTICE
base64,0.21.7,registry+https://github.com/rust-lang/crates.io-index,MIT OR Apache-2.0,9d297deb1925b89f2ccc13d7635fa0714f12c87adce1c75356b39ca9b7178567,PERMISSIVE_OR_NOTICE
base64,0.22.1,registry+https://github.com/rust-lang/crates.io-index,MIT OR Apache-2.0,72b3254f16251a8381aa12e40e3c4d2f0199f8c6508fbecb9d91f575e0fbb8c6,PERMISSIVE_OR_NOTICE
beankeeper,0.4.0,workspace/path,MIT OR Apache-2.0,,PERMISSIVE_OR_NOTICE
beankeeper-cli,0.8.0,workspace/path,MIT OR Apache-2.0,,PERMISSIVE_OR_NOTICE
bit-set,0.8.0,registry+https://github.com/rust-lang/crates.io-index,Apache-2.0 OR MIT,08807e080ed7f9d5433fa9b275196cfc35414f66a0c79d864dc51a0d825231a3,PERMISSIVE_OR_NOTICE
bit-vec,0.8.0,registry+https://github.com/rust-lang/crates.io-index,Apache-2.0 OR MIT,5e764a1d40d510daf35e07be9eb06e75770908c27d411ee6c92109c9840eaaf7,PERMISSIVE_OR_NOTICE
bitflags,1.3.2,registry+https://github.com/rust-lang/crates.io-index,MIT/Apache-2.0,bef38d45163c2f1dde094a7dfd33ccf595c92905c8f8f4fdc18d06fb1037718a,PERMISSIVE_OR_NOTICE
bitflags,2.11.0,registry+https://github.com/rust-lang/crates.io-index,MIT OR Apache-2.0,843867be96c8daad0d758b57df9392b6d8d271134fce549de6ce169ff98a92af,PERMISSIVE_OR_NOTICE
bitvec,1.0.1,registry+https://github.com/rust-lang/crates.io-index,MIT,1bc2832c24239b0141d5674bb9174f9d68a8b5b3f2753311927c172ca46f7e9c,PERMISSIVE_OR_NOTICE
block-buffer,0.10.4,registry+https://github.com/rust-lang/crates.io-index,MIT OR Apache-2.0,3078c7629b62d3f0439517fa394996acacc5cbc91c5a20d8c658e77abd503a71,PERMISSIVE_OR_NOTICE
block2,0.6.2,registry+https://github.com/rust-lang/crates.io-index,MIT,cdeb9d870516001442e364c5220d3574d2da8dc765554b4a617230d33fa58ef5,PERMISSIVE_OR_NOTICE
borsh,1.6.1,registry+https://github.com/rust-lang/crates.io-index,MIT OR Apache-2.0,cfd1e3f8955a5d7de9fab72fc8373fade9fb8a703968cb200ae3dc6cf08e185a,PERMISSIVE_OR_NOTICE
borsh-derive,1.6.1,registry+https://github.com/rust-lang/crates.io-index,Apache-2.0,bfcfdc083699101d5a7965e49925975f2f55060f94f9a05e7187be95d530ca59,PERMISSIVE_OR_NOTICE
brotli,8.0.4,registry+https://github.com/rust-lang/crates.io-index,BSD-3-Clause AND MIT,5cc91aac060a7a1e25823bdccbfb6af1875b88f17c6daac97894eed8207166b3,PERMISSIVE_OR_NOTICE
brotli-decompressor,5.0.3,registry+https://github.com/rust-lang/crates.io-index,BSD-3-Clause/MIT,3a32acac15fe1967bc3986b2a6347dffc965602354ea6f450ad07e8bfd253583,PERMISSIVE_OR_NOTICE
bs58,0.5.1,registry+https://github.com/rust-lang/crates.io-index,MIT/Apache-2.0,bf88ba1141d185c399bee5288d850d63b8369520c1eafc32a0430b5b6c287bf4,PERMISSIVE_OR_NOTICE
bumpalo,3.20.2,registry+https://github.com/rust-lang/crates.io-index,MIT OR Apache-2.0,5d20789868f4b01b2f2caec9f5c4e0213b41e3e5702a50157d699ae31ced2fcb,PERMISSIVE_OR_NOTICE
bytecheck,0.6.12,registry+https://github.com/rust-lang/crates.io-index,MIT,23cdc57ce23ac53c931e88a43d06d070a6fd142f2617be5855eb75efc9beb1c2,PERMISSIVE_OR_NOTICE
bytecheck_derive,0.6.12,registry+https://github.com/rust-lang/crates.io-index,MIT,3db406d29fbcd95542e92559bed4d8ad92636d1ca8b3b72ede10b4bcc010e659,PERMISSIVE_OR_NOTICE
bytemuck,1.25.2,registry+https://github.com/rust-lang/crates.io-index,Zlib OR Apache-2.0 OR MIT,95832e849adfb21180ccb6826a99da14e5d266ae5c2e668e1602cf234f153797,PERMISSIVE_OR_NOTICE
byteorder,1.5.0,registry+https://github.com/rust-lang/crates.io-index,Unlicense OR MIT,1fd0f2584146f6f2ef48085050886acf353beff7305ebd1ae69500e27c67f64b,PERMISSIVE_OR_NOTICE
bytes,1.11.1,registry+https://github.com/rust-lang/crates.io-index,MIT,1e748733b7cbc798e1434b6ac524f0c1ff2ab456fe201501e6497c8417a4fc33,PERMISSIVE_OR_NOTICE
cairo-rs,0.18.5,registry+https://github.com/rust-lang/crates.io-index,MIT,8ca26ef0159422fb77631dc9d17b102f253b876fe1586b03b803e63a309b4ee2,PERMISSIVE_OR_NOTICE
cairo-sys-rs,0.18.2,registry+https://github.com/rust-lang/crates.io-index,MIT,685c9fa8e590b8b3d678873528d83411db17242a73fccaed827770ea0fedda51,PERMISSIVE_OR_NOTICE
camino,1.2.5,registry+https://github.com/rust-lang/crates.io-index,MIT OR Apache-2.0,bb1307f12aa967b5a58416e87b3653360e0fd614a016b6e970db08fecbb1b80d,PERMISSIVE_OR_NOTICE
cargo-platform,0.1.9,registry+https://github.com/rust-lang/crates.io-index,MIT OR Apache-2.0,e35af189006b9c0f00a064685c727031e3ed2d8020f7ba284d78cc2671bd36ea,PERMISSIVE_OR_NOTICE
cargo_metadata,0.19.2,registry+https://github.com/rust-lang/crates.io-index,MIT,dd5eb614ed4c27c5d706420e4320fbe3216ab31fa1c33cd8246ac36dae4479ba,PERMISSIVE_OR_NOTICE
cargo_toml,0.22.3,registry+https://github.com/rust-lang/crates.io-index,Apache-2.0 OR MIT,374b7c592d9c00c1f4972ea58390ac6b18cbb6ab79011f3bdc90a0b82ca06b77,PERMISSIVE_OR_NOTICE
cc,1.2.57,registry+https://github.com/rust-lang/crates.io-index,MIT OR Apache-2.0,7a0dd1ca384932ff3641c8718a02769f1698e7563dc6974ffd03346116310423,PERMISSIVE_OR_NOTICE
cesu8,1.1.0,registry+https://github.com/rust-lang/crates.io-index,Apache-2.0/MIT,6d43a04d8753f35258c91f8ec639f792891f748a1edbd759cf1dcea3382ad83c,PERMISSIVE_OR_NOTICE
cfb,0.7.3,registry+https://github.com/rust-lang/crates.io-index,MIT,d38f2da7a0a2c4ccf0065be06397cc26a81f4e528be095826eee9d4adbb8c60f,PERMISSIVE_OR_NOTICE
cfg-expr,0.15.8,registry+https://github.com/rust-lang/crates.io-index,MIT OR Apache-2.0,d067ad48b8650848b989a59a86c6c36a995d02d2bf778d45c3c5d57bc2718f02,PERMISSIVE_OR_NOTICE
cfg-if,1.0.4,registry+https://github.com/rust-lang/crates.io-index,MIT OR Apache-2.0,9330f8b2ff13f34540b44e946ef35111825727b38d33286ef986142615121801,PERMISSIVE_OR_NOTICE
cfg_aliases,0.2.1,registry+https://github.com/rust-lang/crates.io-index,MIT,613afe47fcd5fac7ccf1db93babcb082c5994d996f20b8b159f2ad1658eb5724,PERMISSIVE_OR_NOTICE
chrono,0.4.44,registry+https://github.com/rust-lang/crates.io-index,MIT OR Apache-2.0,c673075a2e0e5f4a1dde27ce9dee1ea4558c7ffe648f576438a20ca1d2acc4b0,PERMISSIVE_OR_NOTICE
clap,4.6.0,registry+https://github.com/rust-lang/crates.io-index,MIT OR Apache-2.0,b193af5b67834b676abd72466a96c1024e6a6ad978a1f484bd90b85c94041351,PERMISSIVE_OR_NOTICE
clap_builder,4.6.0,registry+https://github.com/rust-lang/crates.io-index,MIT OR Apache-2.0,714a53001bf66416adb0e2ef5ac857140e7dc3a0c48fb28b2f10762fc4b5069f,PERMISSIVE_OR_NOTICE
clap_derive,4.6.0,registry+https://github.com/rust-lang/crates.io-index,MIT OR Apache-2.0,1110bd8a634a1ab8cb04345d8d878267d57c3cf1b38d91b71af6686408bbca6a,PERMISSIVE_OR_NOTICE
clap_lex,1.1.0,registry+https://github.com/rust-lang/crates.io-index,MIT OR Apache-2.0,c8d4a3bb8b1e0c1050499d1815f5ab16d04f0959b233085fb31653fbfc9d98f9,PERMISSIVE_OR_NOTICE
colorchoice,1.0.5,registry+https://github.com/rust-lang/crates.io-index,MIT OR Apache-2.0,1d07550c9036bf2ae0c684c4297d503f838287c83c53686d05370d0e139ae570,PERMISSIVE_OR_NOTICE
combine,4.6.8,registry+https://github.com/rust-lang/crates.io-index,MIT,cfc320937d09e6de266b31b9afb480f197d7a861be86be7cb2ea7e5d1bfffc5e,PERMISSIVE_OR_NOTICE
comfy-table,7.2.2,registry+https://github.com/rust-lang/crates.io-index,MIT,958c5d6ecf1f214b4c2bbbbf6ab9523a864bd136dcf71a7e8904799acfe1ad47,PERMISSIVE_OR_NOTICE
console,0.16.3,registry+https://github.com/rust-lang/crates.io-index,MIT,d64e8af5551369d19cf50138de61f1c42074ab970f74e99be916646777f8fc87,PERMISSIVE_OR_NOTICE
cookie,0.18.2,registry+https://github.com/rust-lang/crates.io-index,MIT OR Apache-2.0,1a373e3602691c3cdea496d2f0ee5935151e6168fe87739483c463db1b2f2f87,PERMISSIVE_OR_NOTICE
core-foundation,0.10.1,registry+https://github.com/rust-lang/crates.io-index,MIT OR Apache-2.0,b2a6cd9ae233e7f62ba4e9353e81a88df7fc8a5987b8d445b4d90c879bd156f6,PERMISSIVE_OR_NOTICE
core-foundation-sys,0.8.7,registry+https://github.com/rust-lang/crates.io-index,MIT OR Apache-2.0,773648b94d0e5d620f64f280777445740e61fe701025087ec8b57f45c791888b,PERMISSIVE_OR_NOTICE
core-graphics,0.25.0,registry+https://github.com/rust-lang/crates.io-index,MIT OR Apache-2.0,064badf302c3194842cf2c5d61f56cc88e54a759313879cdf03abdd27d0c3b97,PERMISSIVE_OR_NOTICE
core-graphics-types,0.2.0,registry+https://github.com/rust-lang/crates.io-index,MIT OR Apache-2.0,3d44a101f213f6c4cdc1853d4b78aef6db6bdfa3468798cc1d9912f4735013eb,PERMISSIVE_OR_NOTICE
cpufeatures,0.2.17,registry+https://github.com/rust-lang/crates.io-index,MIT OR Apache-2.0,59ed5838eebb26a2bb2e58f6d5b5316989ae9d08bab10e0e6d103e656d1b0280,PERMISSIVE_OR_NOTICE
crc32fast,1.5.1,registry+https://github.com/rust-lang/crates.io-index,MIT OR Apache-2.0,8498c871161e1742aaa9d52551b2d6ebdd4c3d45a3be423e3728f33b955be550,PERMISSIVE_OR_NOTICE
crossbeam-channel,0.5.16,registry+https://github.com/rust-lang/crates.io-index,MIT OR Apache-2.0,d85363c37faeca707aef026efa9f3b34d077bce547e48f770770625c6013679e,PERMISSIVE_OR_NOTICE
crossbeam-utils,0.8.22,registry+https://github.com/rust-lang/crates.io-index,MIT OR Apache-2.0,61803da095bee82a81bb1a452ecc25d3b2f1416d1897eb86430c6159ef717c17,PERMISSIVE_OR_NOTICE
crossterm,0.29.0,registry+https://github.com/rust-lang/crates.io-index,MIT,d8b9f2e4c67f833b660cdb0a3523065869fb35570177239812ed4c905aeff87b,PERMISSIVE_OR_NOTICE
crossterm_winapi,0.9.1,registry+https://github.com/rust-lang/crates.io-index,MIT,acdd7c62a3665c7f6830a51635d9ac9b23ed385797f70a83bb8bafe9c572ab2b,PERMISSIVE_OR_NOTICE
crypto-common,0.1.7,registry+https://github.com/rust-lang/crates.io-index,MIT OR Apache-2.0,78c8292055d1c1df0cce5d180393dc8cce0abec0a7102adb6c7b1eef6016d60a,PERMISSIVE_OR_NOTICE
cssparser,0.36.0,registry+https://github.com/rust-lang/crates.io-index,MPL-2.0,dae61cf9c0abb83bd659dab65b7e4e38d8236824c85f0f804f173567bda257d2,WEAK_COPYLEFT_FILE_LEVEL
cssparser-macros,0.6.1,registry+https://github.com/rust-lang/crates.io-index,MPL-2.0,13b588ba4ac1a99f7f2964d24b3d896ddc6bf847ee3855dbd4366f058cfcd331,WEAK_COPYLEFT_FILE_LEVEL
csv,1.4.0,registry+https://github.com/rust-lang/crates.io-index,Unlicense/MIT,52cd9d68cf7efc6ddfaaee42e7288d3a99d613d4b50f76ce9827ae0c6e14f938,PERMISSIVE_OR_NOTICE
csv-core,0.1.13,registry+https://github.com/rust-lang/crates.io-index,Unlicense/MIT,704a3c26996a80471189265814dbc2c257598b96b8a7feae2d31ace646bb9782,PERMISSIVE_OR_NOTICE
ctor,0.8.0,registry+https://github.com/rust-lang/crates.io-index,Apache-2.0 OR MIT,352d39c2f7bef1d6ad73db6f5160efcaed66d94ef8c6c573a8410c00bf909a98,PERMISSIVE_OR_NOTICE
ctor-proc-macro,0.0.7,registry+https://github.com/rust-lang/crates.io-index,Apache-2.0 OR MIT,52560adf09603e58c9a7ee1fe1dcb95a16927b17c127f0ac02d6e768a0e25bc1,PERMISSIVE_OR_NOTICE
darling,0.23.0,registry+https://github.com/rust-lang/crates.io-index,MIT,25ae13da2f202d56bd7f91c25fba009e7717a1e4a1cc98a76d844b65ae912e9d,PERMISSIVE_OR_NOTICE
darling_core,0.23.0,registry+https://github.com/rust-lang/crates.io-index,MIT,9865a50f7c335f53564bb694ef660825eb8610e0a53d3e11bf1b0d3df31e03b0,PERMISSIVE_OR_NOTICE
darling_macro,0.23.0,registry+https://github.com/rust-lang/crates.io-index,MIT,ac3984ec7bd6cfa798e62b4a642426a5be0e68f9401cfc2a01e3fa9ea2fcdb8d,PERMISSIVE_OR_NOTICE
data-encoding,2.10.0,registry+https://github.com/rust-lang/crates.io-index,MIT,d7a1e2f27636f116493b8b860f5546edb47c8d8f8ea73e1d2a20be88e28d1fea,PERMISSIVE_OR_NOTICE
dbus,0.9.12,registry+https://github.com/rust-lang/crates.io-index,Apache-2.0/MIT,3ab69f03cc8c4340c9c8e315114e1658e6775a9b16a04357973aa21cec22b32e,PERMISSIVE_OR_NOTICE
defmt,1.1.1,registry+https://github.com/rust-lang/crates.io-index,MIT OR Apache-2.0,e2953bfe4f93bbd20cc71198842756f77d161884c99ebbabc41d80231ded88d1,PERMISSIVE_OR_NOTICE
defmt-macros,1.1.1,registry+https://github.com/rust-lang/crates.io-index,MIT OR Apache-2.0,bad9c72e7ca2137e0dc3813245a0d282fd6daad32fd800af018306a9169b5fe8,PERMISSIVE_OR_NOTICE
defmt-parser,1.0.0,registry+https://github.com/rust-lang/crates.io-index,MIT OR Apache-2.0,10d60334b3b2e7c9d91ef8150abfb6fa4c1c39ebbcf4a81c2e346aad939fee3e,PERMISSIVE_OR_NOTICE
deranged,0.5.8,registry+https://github.com/rust-lang/crates.io-index,MIT OR Apache-2.0,7cd812cc2bc1d69d4764bd80df88b4317eaef9e773c75226407d9bc0876b211c,PERMISSIVE_OR_NOTICE
derive_more,2.1.1,registry+https://github.com/rust-lang/crates.io-index,MIT,d751e9e49156b02b44f9c1815bcb94b984cdcc4396ecc32521c739452808b134,PERMISSIVE_OR_NOTICE
derive_more-impl,2.1.1,registry+https://github.com/rust-lang/crates.io-index,MIT,799a97264921d8623a957f6c3b9011f3b5492f557bbb7a5a19b7fa6d06ba8dcb,PERMISSIVE_OR_NOTICE
digest,0.10.7,registry+https://github.com/rust-lang/crates.io-index,MIT OR Apache-2.0,9ed9a281f7bc9b7576e61468ba615a66a5c8cfdff42420a70aa82701a3b1e292,PERMISSIVE_OR_NOTICE
dirs,6.0.0,registry+https://github.com/rust-lang/crates.io-index,MIT OR Apache-2.0,c3e8aa94d75141228480295a7d0e7feb620b1a5ad9f12bc40be62411e38cce4e,PERMISSIVE_OR_NOTICE
dirs-sys,0.5.0,registry+https://github.com/rust-lang/crates.io-index,MIT OR Apache-2.0,e01a3366d27ee9890022452ee61b2b63a67e6f13f58900b651ff5665f0bb1fab,PERMISSIVE_OR_NOTICE
dispatch2,0.3.1,registry+https://github.com/rust-lang/crates.io-index,Zlib OR Apache-2.0 OR MIT,1e0e367e4e7da84520dedcac1901e4da967309406d1e51017ae1abfb97adbd38,PERMISSIVE_OR_NOTICE
displaydoc,0.2.7,registry+https://github.com/rust-lang/crates.io-index,MIT OR Apache-2.0,c6232dd377dcc64799954cbd3a9bb882e9cdc1308ccd87b1c098f1fb2eaf82a8,PERMISSIVE_OR_NOTICE
dlopen2,0.8.2,registry+https://github.com/rust-lang/crates.io-index,MIT,5e2c5bd4158e66d1e215c49b837e11d62f3267b30c92f1d171c4d3105e3dc4d4,PERMISSIVE_OR_NOTICE
dlopen2_derive,0.4.3,registry+https://github.com/rust-lang/crates.io-index,MIT,0fbbb781877580993a8707ec48672673ec7b81eeba04cfd2310bd28c08e47c8f,PERMISSIVE_OR_NOTICE
document-features,0.2.12,registry+https://github.com/rust-lang/crates.io-index,MIT OR Apache-2.0,d4b8a88685455ed29a21542a33abd9cb6510b6b129abadabdcef0f4c55bc8f61,PERMISSIVE_OR_NOTICE
dom_query,0.27.0,registry+https://github.com/rust-lang/crates.io-index,MIT,521e380c0c8afb8d9a1e83a1822ee03556fc3e3e7dbc1fd30be14e37f9cb3f89,PERMISSIVE_OR_NOTICE
dpi,0.1.2,registry+https://github.com/rust-lang/crates.io-index,Apache-2.0 AND MIT,d8b14ccef22fc6f5a8f4d7d768562a182c04ce9a3b3157b91390b52ddfdf1a76,PERMISSIVE_OR_NOTICE
dtoa,1.0.11,registry+https://github.com/rust-lang/crates.io-index,MIT OR Apache-2.0,4c3cf4824e2d5f025c7b531afcb2325364084a16806f6d47fbc1f5fbd9960590,PERMISSIVE_OR_NOTICE
dtoa-short,0.3.5,registry+https://github.com/rust-lang/crates.io-index,MPL-2.0,cd1511a7b6a56299bd043a9c167a6d2bfb37bf84a6dfceaba651168adfb43c87,WEAK_COPYLEFT_FILE_LEVEL
dtor,0.3.0,registry+https://github.com/rust-lang/crates.io-index,Apache-2.0 OR MIT,f1057d6c64987086ff8ed0fd3fbf377a6b7d205cc7715868cd401705f715cbe4,PERMISSIVE_OR_NOTICE
dtor-proc-macro,0.0.6,registry+https://github.com/rust-lang/crates.io-index,Apache-2.0 OR MIT,f678cf4a922c215c63e0de95eb1ff08a958a81d47e485cf9da1e27bf6305cfa5,PERMISSIVE_OR_NOTICE
dunce,1.0.5,registry+https://github.com/rust-lang/crates.io-index,CC0-1.0 OR MIT-0 OR Apache-2.0,92773504d58c093f6de2459af4af33faa518c13451eb8f2b5698ed3d36e7c813,PERMISSIVE_OR_NOTICE
dyn-clone,1.0.20,registry+https://github.com/rust-lang/crates.io-index,MIT OR Apache-2.0,d0881ea181b1df73ff77ffaaf9c7544ecc11e82fba9b5f27b262a3c73a332555,PERMISSIVE_OR_NOTICE
embed-resource,3.0.11,registry+https://github.com/rust-lang/crates.io-index,MIT,fbfdaacccebec3b28e4866b8973543c7647797db5ada1bdab552e48fe665fbbd,PERMISSIVE_OR_NOTICE
embed_plist,1.2.2,registry+https://github.com/rust-lang/crates.io-index,MIT OR Apache-2.0,4ef6b89e5b37196644d8796de5268852ff179b44e96276cf4290264843743bb7,PERMISSIVE_OR_NOTICE
encode_unicode,1.0.0,registry+https://github.com/rust-lang/crates.io-index,Apache-2.0 OR MIT,34aa73646ffb006b8f5147f3dc182bd4bcb190227ce861fc4a4844bf8e3cb2c0,PERMISSIVE_OR_NOTICE
equivalent,1.0.2,registry+https://github.com/rust-lang/crates.io-index,Apache-2.0 OR MIT,877a4ace8713b0bcf2a4e7eec82529c029f1d0619886d18145fea96c3ffe5c0f,PERMISSIVE_OR_NOTICE
erased-serde,0.4.10,registry+https://github.com/rust-lang/crates.io-index,MIT OR Apache-2.0,d2add8a07dd6a8d93ff627029c51de145e12686fbc36ecb298ac22e74cf02dec,PERMISSIVE_OR_NOTICE
errno,0.3.14,registry+https://github.com/rust-lang/crates.io-index,MIT OR Apache-2.0,39cab71617ae0d63f51a36d69f866391735b51691dbda63cf6f96d042b63efeb,PERMISSIVE_OR_NOTICE
fallible-iterator,0.3.0,registry+https://github.com/rust-lang/crates.io-index,MIT/Apache-2.0,2acce4a10f12dc2fb14a218589d4f1f62ef011b2d0cc4b3cb1bba8e94da14649,PERMISSIVE_OR_NOTICE
fallible-streaming-iterator,0.1.9,registry+https://github.com/rust-lang/crates.io-index,MIT/Apache-2.0,7360491ce676a36bf9bb3c56c1aa791658183a54d2744120f27285738d90465a,PERMISSIVE_OR_NOTICE
fastrand,2.3.0,registry+https://github.com/rust-lang/crates.io-index,Apache-2.0 OR MIT,37909eebbb50d72f9059c3b6d82c0463f2ff062c9e95845c43a6c9c0355411be,PERMISSIVE_OR_NOTICE
fdeflate,0.3.7,registry+https://github.com/rust-lang/crates.io-index,MIT OR Apache-2.0,1e6853b52649d4ac5c0bd02320cddc5ba956bdb407c4b75a2c6b75bf51500f8c,PERMISSIVE_OR_NOTICE
field-offset,0.3.6,registry+https://github.com/rust-lang/crates.io-index,MIT OR Apache-2.0,38e2275cc4e4fc009b0669731a1e5ab7ebf11f469eaede2bab9309a5b4d6057f,PERMISSIVE_OR_NOTICE
find-msvc-tools,0.1.9,registry+https://github.com/rust-lang/crates.io-index,MIT OR Apache-2.0,5baebc0774151f905a1a2cc41989300b1e6fbb29aff0ceffa1064fdd3088d582,PERMISSIVE_OR_NOTICE
flate2,1.1.10,registry+https://github.com/rust-lang/crates.io-index,MIT OR Apache-2.0,6e634e2e0ebac1ee034020da1ca582e17ffe4e0f5e985823721e168928136dcb,PERMISSIVE_OR_NOTICE
fnv,1.0.7,registry+https://github.com/rust-lang/crates.io-index,Apache-2.0 / MIT,3f9eec918d3f24069decb9af1554cad7c880e2da24a9afd88aca000531ab82c1,PERMISSIVE_OR_NOTICE
foldhash,0.1.5,registry+https://github.com/rust-lang/crates.io-index,Zlib,d9c4f5dac5e15c24eb999c26181a6ca40b39fe946cbe4c263c7209467bc83af2,PERMISSIVE_OR_NOTICE
foldhash,0.2.0,registry+https://github.com/rust-lang/crates.io-index,Zlib,77ce24cb58228fbb8aa041425bb1050850ac19177686ea6e0f41a70416f56fdb,PERMISSIVE_OR_NOTICE
foreign-types,0.5.0,registry+https://github.com/rust-lang/crates.io-index,MIT/Apache-2.0,d737d9aa519fb7b749cbc3b962edcf310a8dd1f4b67c91c4f83975dbdd17d965,PERMISSIVE_OR_NOTICE
foreign-types-macros,0.2.4,registry+https://github.com/rust-lang/crates.io-index,MIT/Apache-2.0,ea5190182e6915eb873ddbc16e23b711b6eb1f9c00a0d0a3a91b5f6228475225,PERMISSIVE_OR_NOTICE
foreign-types-shared,0.3.1,registry+https://github.com/rust-lang/crates.io-index,MIT/Apache-2.0,aa9a19cbb55df58761df49b23516a86d432839add4af60fc256da840f66ed35b,PERMISSIVE_OR_NOTICE
form_urlencoded,1.2.2,registry+https://github.com/rust-lang/crates.io-index,MIT OR Apache-2.0,cb4cb245038516f5f85277875cdaa4f7d2c9a0fa0468de06ed190163b1581fcf,PERMISSIVE_OR_NOTICE
funty,2.0.0,registry+https://github.com/rust-lang/crates.io-index,MIT,e6d5a32815ae3f33302d95fdcb2ce17862f8c65363dcfd29360480ba1001fc9c,PERMISSIVE_OR_NOTICE
futures-channel,0.3.34,registry+https://github.com/rust-lang/crates.io-index,MIT OR Apache-2.0,b1f9e3d69d39e4862ffed03ed071a76f9a13ba1d9109d355b0f0aa6b15e393c4,PERMISSIVE_OR_NOTICE
futures-core,0.3.34,registry+https://github.com/rust-lang/crates.io-index,MIT OR Apache-2.0,92d699e522242e69e3003b94ecc1f960f3a5e015aa7c5d7486e65ad01dd94f5e,PERMISSIVE_OR_NOTICE
futures-executor,0.3.34,registry+https://github.com/rust-lang/crates.io-index,MIT OR Apache-2.0,031b47cf1a3c6cc8bc2fc76cd437f521619387907d469316e7c0bc278f1f5432,PERMISSIVE_OR_NOTICE
futures-io,0.3.34,registry+https://github.com/rust-lang/crates.io-index,MIT OR Apache-2.0,53c0fa8157de1303bfffdaa1cc2a673bfffb60102f76b0ef4441659124373fed,PERMISSIVE_OR_NOTICE
futures-macro,0.3.34,registry+https://github.com/rust-lang/crates.io-index,MIT OR Apache-2.0,9fb9654ba8355388abeb8dcb4fc62f511300867002afc858860463bdd9fe0c44,PERMISSIVE_OR_NOTICE
futures-sink,0.3.34,registry+https://github.com/rust-lang/crates.io-index,MIT OR Apache-2.0,1944426bf7d03f1d14f708785e4b33efd750b36d48a157b836b3efc15ede8e1d,PERMISSIVE_OR_NOTICE
futures-task,0.3.34,registry+https://github.com/rust-lang/crates.io-index,MIT OR Apache-2.0,cd417de3d1d015fc3bfd2b1ea46dfc7bab72ef86f1cc7cc9c78e728b34a6d1fd,PERMISSIVE_OR_NOTICE
futures-util,0.3.34,registry+https://github.com/rust-lang/crates.io-index,MIT OR Apache-2.0,0d50a92467f8ba5dd6e3ee5d4bd04d73ab2e4e1c44474a0674821dfce14b79bc,PERMISSIVE_OR_NOTICE
gdk,0.18.2,registry+https://github.com/rust-lang/crates.io-index,MIT,d9f245958c627ac99d8e529166f9823fb3b838d1d41fd2b297af3075093c2691,PERMISSIVE_OR_NOTICE
gdk-pixbuf,0.18.5,registry+https://github.com/rust-lang/crates.io-index,MIT,50e1f5f1b0bfb830d6ccc8066d18db35c487b1b2b1e8589b5dfe9f07e8defaec,PERMISSIVE_OR_NOTICE
gdk-pixbuf-sys,0.18.0,registry+https://github.com/rust-lang/crates.io-index,MIT,3f9839ea644ed9c97a34d129ad56d38a25e6756f99f3a88e15cd39c20629caf7,PERMISSIVE_OR_NOTICE
gdk-sys,0.18.2,registry+https://github.com/rust-lang/crates.io-index,MIT,5c2d13f38594ac1e66619e188c6d5a1adb98d11b2fcf7894fc416ad76aa2f3f7,PERMISSIVE_OR_NOTICE
gdkwayland-sys,0.18.2,registry+https://github.com/rust-lang/crates.io-index,MIT,140071d506d223f7572b9f09b5e155afbd77428cd5cc7af8f2694c41d98dfe69,PERMISSIVE_OR_NOTICE
gdkx11,0.18.2,registry+https://github.com/rust-lang/crates.io-index,MIT,3caa00e14351bebbc8183b3c36690327eb77c49abc2268dd4bd36b856db3fbfe,PERMISSIVE_OR_NOTICE
gdkx11-sys,0.18.2,registry+https://github.com/rust-lang/crates.io-index,MIT,6e2e7445fe01ac26f11601db260dd8608fe172514eb63b3b5e261ea6b0f4428d,PERMISSIVE_OR_NOTICE
generic-array,0.14.7,registry+https://github.com/rust-lang/crates.io-index,MIT,85649ca51fd72272d7821adaf274ad91c288277713d9c18820d8499a7ff69e9a,PERMISSIVE_OR_NOTICE
getrandom,0.2.17,registry+https://github.com/rust-lang/crates.io-index,MIT OR Apache-2.0,ff2abc00be7fca6ebc474524697ae276ad847ad0a6b3faa4bcb027e9a4614ad0,PERMISSIVE_OR_NOTICE
getrandom,0.3.4,registry+https://github.com/rust-lang/crates.io-index,MIT OR Apache-2.0,899def5c37c4fd7b2664648c28120ecec138e4d395b459e5ca34f9cce2dd77fd,PERMISSIVE_OR_NOTICE
getrandom,0.4.2,registry+https://github.com/rust-lang/crates.io-index,MIT OR Apache-2.0,0de51e6874e94e7bf76d726fc5d13ba782deca734ff60d5bb2fb2607c7406555,PERMISSIVE_OR_NOTICE
gio,0.18.4,registry+https://github.com/rust-lang/crates.io-index,MIT,d4fc8f532f87b79cbc51a79748f16a6828fb784be93145a322fa14d06d354c73,PERMISSIVE_OR_NOTICE
gio-sys,0.18.1,registry+https://github.com/rust-lang/crates.io-index,MIT,37566df850baf5e4cb0dfb78af2e4b9898d817ed9263d1090a2df958c64737d2,PERMISSIVE_OR_NOTICE
glib,0.18.5,registry+https://github.com/rust-lang/crates.io-index,MIT,233daaf6e83ae6a12a52055f568f9d7cf4671dabb78ff9560ab6da230ce00ee5,PERMISSIVE_OR_NOTICE
glib-macros,0.18.5,registry+https://github.com/rust-lang/crates.io-index,MIT,0bb0228f477c0900c880fd78c8759b95c7636dbd7842707f49e132378aa2acdc,PERMISSIVE_OR_NOTICE
glib-sys,0.18.1,registry+https://github.com/rust-lang/crates.io-index,MIT,063ce2eb6a8d0ea93d2bf8ba1957e78dbab6be1c2220dd3daca57d5a9d869898,PERMISSIVE_OR_NOTICE
glob,0.3.4,registry+https://github.com/rust-lang/crates.io-index,MIT OR Apache-2.0,e4eba85ea1d0a966a983acd07deee566e67395d2d96b6fb39e62b5a833f1eb0b,PERMISSIVE_OR_NOTICE
gobject-sys,0.18.0,registry+https://github.com/rust-lang/crates.io-index,MIT,0850127b514d1c4a4654ead6dedadb18198999985908e6ffe4436f53c785ce44,PERMISSIVE_OR_NOTICE
gtk,0.18.2,registry+https://github.com/rust-lang/crates.io-index,MIT,fd56fb197bfc42bd5d2751f4f017d44ff59fbb58140c6b49f9b3b2bdab08506a,PERMISSIVE_OR_NOTICE
gtk-sys,0.18.2,registry+https://github.com/rust-lang/crates.io-index,MIT,8f29a1c21c59553eb7dd40e918be54dccd60c52b049b75119d5d96ce6b624414,PERMISSIVE_OR_NOTICE
gtk3-macros,0.18.2,registry+https://github.com/rust-lang/crates.io-index,MIT,52ff3c5b21f14f0736fed6dcfc0bfb4225ebf5725f3c0209edeec181e4d73e9d,PERMISSIVE_OR_NOTICE
hashbrown,0.12.3,registry+https://github.com/rust-lang/crates.io-index,MIT OR Apache-2.0,8a9ee70c43aaf417c914396645a0fa852624801b24ebb7ae78fe8272889ac888,PERMISSIVE_OR_NOTICE
hashbrown,0.15.5,registry+https://github.com/rust-lang/crates.io-index,MIT OR Apache-2.0,9229cfe53dfd69f0609a49f65461bd93001ea1ef889cd5529dd176593f5338a1,PERMISSIVE_OR_NOTICE
hashbrown,0.16.1,registry+https://github.com/rust-lang/crates.io-index,MIT OR Apache-2.0,841d1cc9bed7f9236f321df977030373f4a4163ae1a7dbfe1a51a2c1a51d9100,PERMISSIVE_OR_NOTICE
hashlink,0.11.0,registry+https://github.com/rust-lang/crates.io-index,MIT OR Apache-2.0,ea0b22561a9c04a7cb1a302c013e0259cd3b4bb619f145b32f72b8b4bcbed230,PERMISSIVE_OR_NOTICE
heck,0.4.1,registry+https://github.com/rust-lang/crates.io-index,MIT OR Apache-2.0,95505c38b4572b2d910cecb0281560f54b440a19336cbbcb27bf6ce6adc6f5a8,PERMISSIVE_OR_NOTICE
heck,0.5.0,registry+https://github.com/rust-lang/crates.io-index,MIT OR Apache-2.0,2304e00983f87ffb38b55b444b5e3b60a884b5d30c0fca7d82fe33449bbe55ea,PERMISSIVE_OR_NOTICE
hex,0.4.3,registry+https://github.com/rust-lang/crates.io-index,MIT OR Apache-2.0,7f24254aa9a54b5c858eaee2f5bccdb46aaf0e486a595ed5fd8f86ba55232a70,PERMISSIVE_OR_NOTICE
html5ever,0.38.0,registry+https://github.com/rust-lang/crates.io-index,MIT OR Apache-2.0,1054432bae2f14e0061e33d23402fbaa67a921d319d56adc6bcf887ddad1cbc2,PERMISSIVE_OR_NOTICE
http,1.5.0,registry+https://github.com/rust-lang/crates.io-index,MIT OR Apache-2.0,918d3568bebf352712bc2ef3d46a8bcf1a75b373be6539de198e9105cbbf9ce0,PERMISSIVE_OR_NOTICE
http-body,1.1.0,registry+https://github.com/rust-lang/crates.io-index,MIT,ca2a8f2913ee65f60facd6a5905613afaa448497a0230cc41ce022d93290bc2c,PERMISSIVE_OR_NOTICE
http-body-util,0.1.5,registry+https://github.com/rust-lang/crates.io-index,MIT,23169fe34a5fbcdd3f3862e78fb9b6fccd5f02a6dc6f732547005d45631ce71c,PERMISSIVE_OR_NOTICE
httparse,1.10.1,registry+https://github.com/rust-lang/crates.io-index,MIT OR Apache-2.0,6dbf3de79e51f3d586ab4cb9d5c3e2c14aa28ed23d180cf89b4df0454a69cc87,PERMISSIVE_OR_NOTICE
hyper,1.11.1,registry+https://github.com/rust-lang/crates.io-index,MIT,27b501faa50e7a26c3d3560ca625132f4078a17771f4810baf70475ae48cbe43,PERMISSIVE_OR_NOTICE
hyper-util,0.1.20,registry+https://github.com/rust-lang/crates.io-index,MIT,96547c2556ec9d12fb1578c4eaf448b04993e7fb79cbaad930a656880a6bdfa0,PERMISSIVE_OR_NOTICE
iana-time-zone,0.1.65,registry+https://github.com/rust-lang/crates.io-index,MIT OR Apache-2.0,e31bc9ad994ba00e440a8aa5c9ef0ec67d5cb5e5cb0cc7f8b744a35b389cc470,PERMISSIVE_OR_NOTICE
iana-time-zone-haiku,0.1.2,registry+https://github.com/rust-lang/crates.io-index,MIT OR Apache-2.0,f31827a206f56af32e590ba56d5d2d085f558508192593743f16b2306495269f,PERMISSIVE_OR_NOTICE
ico,0.5.0,registry+https://github.com/rust-lang/crates.io-index,MIT,3e795dff5605e0f04bff85ca41b51a96b83e80b281e96231bcaaf1ac35103371,PERMISSIVE_OR_NOTICE
icu_collections,2.3.0,registry+https://github.com/rust-lang/crates.io-index,Unicode-3.0,fa68d21081c4a05d5a901a1c62add574c77048b6a1c67be3b50ce0b60d4ca513,PERMISSIVE_OR_NOTICE
icu_locale_core,2.3.0,registry+https://github.com/rust-lang/crates.io-index,Unicode-3.0,d56e28588da92eee5c3201a6eff33fabdd49b62269c8938d4ff050ce4d900deb,PERMISSIVE_OR_NOTICE
icu_normalizer,2.3.0,registry+https://github.com/rust-lang/crates.io-index,Unicode-3.0,12f9cf5f235641ed274641dd81c3f28d870e276763d0797aeeab72317b1c646f,PERMISSIVE_OR_NOTICE
icu_normalizer_data,2.3.0,registry+https://github.com/rust-lang/crates.io-index,Unicode-3.0,1563da1ed3e0b3bf3d74c9b85917ac9c56464d2f57242270c09c9e752f8021a0,PERMISSIVE_OR_NOTICE
icu_properties,2.3.0,registry+https://github.com/rust-lang/crates.io-index,Unicode-3.0,7e7ca276ad3145661a65914e6daf131ca5120cd3dcee8f8f3214b8875184a148,PERMISSIVE_OR_NOTICE
icu_properties_data,2.3.0,registry+https://github.com/rust-lang/crates.io-index,Unicode-3.0,e590f038c1464a96894fd6d10127e90a8be4509f56ff7ecef851b15cee0b7caa,PERMISSIVE_OR_NOTICE
icu_provider,2.3.1,registry+https://github.com/rust-lang/crates.io-index,Unicode-3.0,d27bbb9d3abbefac45d55f647c9de1d44aafcd1186eb91879afef17c396c3e73,PERMISSIVE_OR_NOTICE
id-arena,2.3.0,registry+https://github.com/rust-lang/crates.io-index,MIT/Apache-2.0,3d3067d79b975e8844ca9eb072e16b31c3c1c36928edf9c6789548c524d0d954,PERMISSIVE_OR_NOTICE
ident_case,1.0.1,registry+https://github.com/rust-lang/crates.io-index,MIT/Apache-2.0,b9e0384b61958566e926dc50660321d12159025e767c18e043daf26b70104c39,PERMISSIVE_OR_NOTICE
idna,1.1.0,registry+https://github.com/rust-lang/crates.io-index,MIT OR Apache-2.0,3b0875f23caa03898994f6ddc501886a45c7d3d62d04d2d90788d47be1b1e4de,PERMISSIVE_OR_NOTICE
idna_adapter,1.2.2,registry+https://github.com/rust-lang/crates.io-index,Apache-2.0 OR MIT,cb68373c0d6620ef8105e855e7745e18b0d00d3bdb07fb532e434244cdb9a714,PERMISSIVE_OR_NOTICE
indexmap,1.9.3,registry+https://github.com/rust-lang/crates.io-index,Apache-2.0 OR MIT,bd070e393353796e801d209ad339e89596eb4c8d430d18ede6a1cced8fafbd99,PERMISSIVE_OR_NOTICE
indexmap,2.13.0,registry+https://github.com/rust-lang/crates.io-index,Apache-2.0 OR MIT,7714e70437a7dc3ac8eb7e6f8df75fd8eb422675fc7678aff7364301092b1017,PERMISSIVE_OR_NOTICE
infer,0.19.0,registry+https://github.com/rust-lang/crates.io-index,MIT,a588916bfdfd92e71cacef98a63d9b1f0d74d6599980d11894290e7ddefffcf7,PERMISSIVE_OR_NOTICE
ipnet,2.12.1,registry+https://github.com/rust-lang/crates.io-index,MIT OR Apache-2.0,6a756c3fac73139e83f14c2d742155dd2b78d3ee56597b419a0579b7bdd6dd78,PERMISSIVE_OR_NOTICE
is_terminal_polyfill,1.70.2,registry+https://github.com/rust-lang/crates.io-index,MIT OR Apache-2.0,a6cb138bb79a146c1bd460005623e142ef0181e3d0219cb493e02f7d08a35695,PERMISSIVE_OR_NOTICE
itoa,1.0.17,registry+https://github.com/rust-lang/crates.io-index,MIT OR Apache-2.0,92ecc6618181def0457392ccd0ee51198e065e016d1d527a7ac1b6dc7c1f09d2,PERMISSIVE_OR_NOTICE
javascriptcore-rs,1.1.2,registry+https://github.com/rust-lang/crates.io-index,MIT,ca5671e9ffce8ffba57afc24070e906da7fc4b1ba66f2cabebf61bf2ea257fcc,PERMISSIVE_OR_NOTICE
javascriptcore-rs-sys,1.1.1,registry+https://github.com/rust-lang/crates.io-index,MIT,af1be78d14ffa4b75b66df31840478fef72b51f8c2465d4ca7c194da9f7a5124,PERMISSIVE_OR_NOTICE
jiff,0.2.35,registry+https://github.com/rust-lang/crates.io-index,Unlicense OR MIT,668b7183bd07af9a4885f5c35b0cc5c83c4607a913c16b7e17291832910d2dcc,PERMISSIVE_OR_NOTICE
jiff-core,0.1.0,registry+https://github.com/rust-lang/crates.io-index,Unlicense OR MIT,7feca88439efe53da3754500c1851dedf3cb36c524dd5cf8225cc0794de95d09,PERMISSIVE_OR_NOTICE
jiff-static,0.2.35,registry+https://github.com/rust-lang/crates.io-index,Unlicense OR MIT,3a69dcb3a21cfb32ce1cd056169337ca284af0766dd766e7878819b251a49204,PERMISSIVE_OR_NOTICE
jiff-tzdb,0.1.8,registry+https://github.com/rust-lang/crates.io-index,Unlicense OR MIT,142bd39932ad231f10513df9ab62661fead8719872150b7ad02a2df79f4e141e,PERMISSIVE_OR_NOTICE
jiff-tzdb-platform,0.1.3,registry+https://github.com/rust-lang/crates.io-index,Unlicense OR MIT,875a5a69ac2bab1a891711cf5eccbec1ce0341ea805560dcd90b7a2e925132e8,PERMISSIVE_OR_NOTICE
jni,0.21.1,registry+https://github.com/rust-lang/crates.io-index,MIT/Apache-2.0,1a87aa2bb7d2af34197c04845522473242e1aa17c12f4935d5856491a7fb8c97,PERMISSIVE_OR_NOTICE
jni-sys,0.3.1,registry+https://github.com/rust-lang/crates.io-index,MIT OR Apache-2.0,41a652e1f9b6e0275df1f15b32661cf0d4b78d4d87ddec5e0c3c20f097433258,PERMISSIVE_OR_NOTICE
jni-sys,0.4.1,registry+https://github.com/rust-lang/crates.io-index,MIT OR Apache-2.0,c6377a88cb3910bee9b0fa88d4f42e1d2da8e79915598f65fb0c7ee14c878af2,PERMISSIVE_OR_NOTICE
jni-sys-macros,0.4.1,registry+https://github.com/rust-lang/crates.io-index,MIT OR Apache-2.0,38c0b942f458fe50cdac086d2f946512305e5631e720728f2a61aabcd47a6264,PERMISSIVE_OR_NOTICE
js-sys,0.3.91,registry+https://github.com/rust-lang/crates.io-index,MIT OR Apache-2.0,b49715b7073f385ba4bc528e5747d02e66cb39c6146efb66b781f131f0fb399c,PERMISSIVE_OR_NOTICE
json-patch,3.0.1,registry+https://github.com/rust-lang/crates.io-index,MIT/Apache-2.0,863726d7afb6bc2590eeff7135d923545e5e964f004c2ccf8716c25e70a86f08,PERMISSIVE_OR_NOTICE
jsonptr,0.6.3,registry+https://github.com/rust-lang/crates.io-index,MIT OR Apache-2.0,5dea2b27dd239b2556ed7a25ba842fe47fd602e7fc7433c2a8d6106d4d9edd70,PERMISSIVE_OR_NOTICE
keyboard-types,0.7.0,registry+https://github.com/rust-lang/crates.io-index,MIT OR Apache-2.0,b750dcadc39a09dbadd74e118f6dd6598df77fa01df0cfcdc52c28dece74528a,PERMISSIVE_OR_NOTICE
leb128fmt,0.1.0,registry+https://github.com/rust-lang/crates.io-index,MIT OR Apache-2.0,09edd9e8b54e49e587e4f6295a7d29c3ea94d469cb40ab8ca70b288248a81db2,PERMISSIVE_OR_NOTICE
libappindicator,0.9.0,registry+https://github.com/rust-lang/crates.io-index,Apache-2.0 OR MIT,03589b9607c868cc7ae54c0b2a22c8dc03dd41692d48f2d7df73615c6a95dc0a,PERMISSIVE_OR_NOTICE
libappindicator-sys,0.9.0,registry+https://github.com/rust-lang/crates.io-index,Apache-2.0 OR MIT,6e9ec52138abedcc58dc17a7c6c0c00a2bdb4f3427c7f63fa97fd0d859155caf,PERMISSIVE_OR_NOTICE
libc,0.2.183,registry+https://github.com/rust-lang/crates.io-index,MIT OR Apache-2.0,b5b646652bf6661599e1da8901b3b9522896f01e736bad5f723fe7a3a27f899d,PERMISSIVE_OR_NOTICE
libdbus-sys,0.2.7,registry+https://github.com/rust-lang/crates.io-index,Apache-2.0/MIT,328c4789d42200f1eeec05bd86c9c13c7f091d2ba9a6ea35acdf51f31bc0f043,PERMISSIVE_OR_NOTICE
libloading,0.7.4,registry+https://github.com/rust-lang/crates.io-index,ISC,b67380fd3b2fbe7527a606e18729d21c6f3951633d0500574c4dc22d2d638b9f,PERMISSIVE_OR_NOTICE
libredox,0.1.23,registry+https://github.com/rust-lang/crates.io-index,MIT,8d8f1ea3f21fd3405dcaf6c9b5c1630af9afc422d9073ea39c5f6d6c772e08ed,PERMISSIVE_OR_NOTICE
libsqlite3-sys,0.37.0,registry+https://github.com/rust-lang/crates.io-index,MIT,b1f111c8c41e7c61a49cd34e44c7619462967221a6443b0ec299e0ac30cfb9b1,PERMISSIVE_OR_NOTICE
linux-raw-sys,0.12.1,registry+https://github.com/rust-lang/crates.io-index,Apache-2.0 WITH LLVM-exception OR Apache-2.0 OR MIT,32a66949e030da00e8c7d4434b251670a91556f4144941d37452769c25d58a53,PERMISSIVE_OR_NOTICE
litemap,0.8.3,registry+https://github.com/rust-lang/crates.io-index,Unicode-3.0,47d9d19d1d6efa0109d2f65ff4c85cddd50bd572e5a00127ab10987290bcefae,PERMISSIVE_OR_NOTICE
litrs,1.0.0,registry+https://github.com/rust-lang/crates.io-index,MIT OR Apache-2.0,11d3d7f243d5c5a8b9bb5d6dd2b1602c0cb0b9db1621bafc7ed66e35ff9fe092,PERMISSIVE_OR_NOTICE
lock_api,0.4.14,registry+https://github.com/rust-lang/crates.io-index,MIT OR Apache-2.0,224399e74b87b5f3557511d98dff8b14089b3dadafcab6bb93eab67d3aace965,PERMISSIVE_OR_NOTICE
log,0.4.29,registry+https://github.com/rust-lang/crates.io-index,MIT OR Apache-2.0,5e5032e24019045c762d3c0f28f5b6b8bbf38563a65908389bf7978758920897,PERMISSIVE_OR_NOTICE
markup5ever,0.38.0,registry+https://github.com/rust-lang/crates.io-index,MIT OR Apache-2.0,8983d30f2915feeaaab2d6babdd6bc7e9ed1a00b66b5e6d74df19aa9c0e91862,PERMISSIVE_OR_NOTICE
memchr,2.8.0,registry+https://github.com/rust-lang/crates.io-index,Unlicense OR MIT,f8ca58f447f06ed17d5fc4043ce1b10dd205e060fb3ce5b979b8ed8e59ff3f79,PERMISSIVE_OR_NOTICE
memoffset,0.9.1,registry+https://github.com/rust-lang/crates.io-index,MIT,488016bfae457b036d996092f6cb448677611ce4449e970ceaf42695203f218a,PERMISSIVE_OR_NOTICE
mime,0.3.17,registry+https://github.com/rust-lang/crates.io-index,MIT OR Apache-2.0,6877bb514081ee2a7ff5ef9de3281f14a4dd4bceac4c09388074a6b5df8a139a,PERMISSIVE_OR_NOTICE
minimal-lexical,0.2.1,registry+https://github.com/rust-lang/crates.io-index,MIT/Apache-2.0,68354c5c6bd36d73ff3feceb05efa59b6acb7626617f4962be322a825e61f79a,PERMISSIVE_OR_NOTICE
miniz_oxide,0.8.9,registry+https://github.com/rust-lang/crates.io-index,MIT OR Zlib OR Apache-2.0,1fa76a2c86f704bdb222d66965fb3d63269ce38518b83cb0575fca855ebb6316,PERMISSIVE_OR_NOTICE
miniz_oxide,0.9.1,registry+https://github.com/rust-lang/crates.io-index,MIT OR Zlib OR Apache-2.0,b63fbc4a50860e98e7b2aa7804ded1db5cbc3aff9193adaff57a6931bf7c4b4c,PERMISSIVE_OR_NOTICE
mio,1.2.3,registry+https://github.com/rust-lang/crates.io-index,MIT,4b18443e9c262bfe8fa82f51666e2642c53393f7e5c27b3e1aeab922cff5b9d8,PERMISSIVE_OR_NOTICE
muda,0.19.3,registry+https://github.com/rust-lang/crates.io-index,Apache-2.0 OR MIT,1dd04e60bc0b07438a6771710ee1698f98f6ebbc7f89b61264af1563b8aeb878,PERMISSIVE_OR_NOTICE
ndk,0.9.0,registry+https://github.com/rust-lang/crates.io-index,MIT OR Apache-2.0,c3f42e7bbe13d351b6bead8286a43aac9534b82bd3cc43e47037f012ebfd62d4,PERMISSIVE_OR_NOTICE
ndk-sys,0.6.0+11769913,registry+https://github.com/rust-lang/crates.io-index,MIT OR Apache-2.0,ee6cda3051665f1fb8d9e08fc35c96d5a244fb1be711a03b71118828afc9a873,PERMISSIVE_OR_NOTICE
new_debug_unreachable,1.0.6,registry+https://github.com/rust-lang/crates.io-index,MIT,650eef8c711430f1a879fdd01d4745a7deea475becfb90269c06775983bbf086,PERMISSIVE_OR_NOTICE
nom,7.1.3,registry+https://github.com/rust-lang/crates.io-index,MIT,d273983c5a657a70a3e8f2a01329822f3b8c8172b73826411a55751e404a0a4a,PERMISSIVE_OR_NOTICE
num-conv,0.2.0,registry+https://github.com/rust-lang/crates.io-index,MIT OR Apache-2.0,cf97ec579c3c42f953ef76dbf8d55ac91fb219dde70e49aa4a6b7d74e9919050,PERMISSIVE_OR_NOTICE
num-traits,0.2.19,registry+https://github.com/rust-lang/crates.io-index,MIT OR Apache-2.0,071dfc062690e90b734c0b2273ce72ad0ffa95f0c74596bc250dcfd960262841,PERMISSIVE_OR_NOTICE
num_enum,0.7.6,registry+https://github.com/rust-lang/crates.io-index,BSD-3-Clause OR MIT OR Apache-2.0,5d0bca838442ec211fa11de3a8b0e0e8f3a4522575b5c4c06ed722e005036f26,PERMISSIVE_OR_NOTICE
num_enum_derive,0.7.6,registry+https://github.com/rust-lang/crates.io-index,BSD-3-Clause OR MIT OR Apache-2.0,680998035259dcfcafe653688bf2aa6d3e2dc05e98be6ab46afb089dc84f1df8,PERMISSIVE_OR_NOTICE
objc2,0.6.4,registry+https://github.com/rust-lang/crates.io-index,MIT,3a12a8ed07aefc768292f076dc3ac8c48f3781c8f2d5851dd3d98950e8c5a89f,PERMISSIVE_OR_NOTICE
objc2-app-kit,0.3.2,registry+https://github.com/rust-lang/crates.io-index,Zlib OR Apache-2.0 OR MIT,d49e936b501e5c5bf01fda3a9452ff86dc3ea98ad5f283e1455153142d97518c,PERMISSIVE_OR_NOTICE
objc2-cloud-kit,0.3.2,registry+https://github.com/rust-lang/crates.io-index,Zlib OR Apache-2.0 OR MIT,73ad74d880bb43877038da939b7427bba67e9dd42004a18b809ba7d87cee241c,PERMISSIVE_OR_NOTICE
objc2-core-data,0.3.2,registry+https://github.com/rust-lang/crates.io-index,Zlib OR Apache-2.0 OR MIT,0b402a653efbb5e82ce4df10683b6b28027616a2715e90009947d50b8dd298fa,PERMISSIVE_OR_NOTICE
objc2-core-foundation,0.3.2,registry+https://github.com/rust-lang/crates.io-index,Zlib OR Apache-2.0 OR MIT,2a180dd8642fa45cdb7dd721cd4c11b1cadd4929ce112ebd8b9f5803cc79d536,PERMISSIVE_OR_NOTICE
objc2-core-graphics,0.3.2,registry+https://github.com/rust-lang/crates.io-index,Zlib OR Apache-2.0 OR MIT,e022c9d066895efa1345f8e33e584b9f958da2fd4cd116792e15e07e4720a807,PERMISSIVE_OR_NOTICE
objc2-core-image,0.3.2,registry+https://github.com/rust-lang/crates.io-index,Zlib OR Apache-2.0 OR MIT,e5d563b38d2b97209f8e861173de434bd0214cf020e3423a52624cd1d989f006,PERMISSIVE_OR_NOTICE
objc2-core-location,0.3.2,registry+https://github.com/rust-lang/crates.io-index,Zlib OR Apache-2.0 OR MIT,ca347214e24bc973fc025fd0d36ebb179ff30536ed1f80252706db19ee452009,PERMISSIVE_OR_NOTICE
objc2-core-text,0.3.2,registry+https://github.com/rust-lang/crates.io-index,Zlib OR Apache-2.0 OR MIT,0cde0dfb48d25d2b4862161a4d5fcc0e3c24367869ad306b0c9ec0073bfed92d,PERMISSIVE_OR_NOTICE
objc2-encode,4.1.0,registry+https://github.com/rust-lang/crates.io-index,MIT,ef25abbcd74fb2609453eb695bd2f860d389e457f67dc17cafc8b8cbc89d0c33,PERMISSIVE_OR_NOTICE
objc2-exception-helper,0.1.1,registry+https://github.com/rust-lang/crates.io-index,Zlib OR Apache-2.0 OR MIT,c7a1c5fbb72d7735b076bb47b578523aedc40f3c439bea6dfd595c089d79d98a,PERMISSIVE_OR_NOTICE
objc2-foundation,0.3.2,registry+https://github.com/rust-lang/crates.io-index,MIT,e3e0adef53c21f888deb4fa59fc59f7eb17404926ee8a6f59f5df0fd7f9f3272,PERMISSIVE_OR_NOTICE
objc2-io-surface,0.3.2,registry+https://github.com/rust-lang/crates.io-index,Zlib OR Apache-2.0 OR MIT,180788110936d59bab6bd83b6060ffdfffb3b922ba1396b312ae795e1de9d81d,PERMISSIVE_OR_NOTICE
objc2-quartz-core,0.3.2,registry+https://github.com/rust-lang/crates.io-index,Zlib OR Apache-2.0 OR MIT,96c1358452b371bf9f104e21ec536d37a650eb10f7ee379fff67d2e08d537f1f,PERMISSIVE_OR_NOTICE
objc2-ui-kit,0.3.2,registry+https://github.com/rust-lang/crates.io-index,Zlib OR Apache-2.0 OR MIT,d87d638e33c06f577498cbcc50491496a3ed4246998a7fbba7ccb98b1e7eab22,PERMISSIVE_OR_NOTICE
objc2-user-notifications,0.3.2,registry+https://github.com/rust-lang/crates.io-index,Zlib OR Apache-2.0 OR MIT,9df9128cbbfef73cda168416ccf7f837b62737d748333bfe9ab71c245d76613e,PERMISSIVE_OR_NOTICE
objc2-web-kit,0.3.2,registry+https://github.com/rust-lang/crates.io-index,Zlib OR Apache-2.0 OR MIT,b2e5aaab980c433cf470df9d7af96a7b46a9d892d521a2cbbb2f8a4c16751e7f,PERMISSIVE_OR_NOTICE
ofx-rs,0.2.0,registry+https://github.com/rust-lang/crates.io-index,MIT,e2a8200cbd088af447f7e812d6394bfca752e55c91ec5132a01e41304bbe03a9,PERMISSIVE_OR_NOTICE
once_cell,1.21.4,registry+https://github.com/rust-lang/crates.io-index,MIT OR Apache-2.0,9f7c3e4beb33f85d45ae3e3a1792185706c8e16d043238c593331cc7cd313b50,PERMISSIVE_OR_NOTICE
once_cell_polyfill,1.70.2,registry+https://github.com/rust-lang/crates.io-index,MIT OR Apache-2.0,384b8ab6d37215f3c5301a95a4accb5d64aa607f1fcb26a11b5303878451b4fe,PERMISSIVE_OR_NOTICE
openssl-src,300.5.4+3.5.4,registry+https://github.com/rust-lang/crates.io-index,MIT/Apache-2.0,a507b3792995dae9b0df8a1c1e3771e8418b7c2d9f0baeba32e6fe8b06c7cb72,PERMISSIVE_OR_NOTICE
openssl-sys,0.9.112,registry+https://github.com/rust-lang/crates.io-index,MIT,57d55af3b3e226502be1526dfdba67ab0e9c96fc293004e79576b2b9edb0dbdb,PERMISSIVE_OR_NOTICE
option-ext,0.2.0,registry+https://github.com/rust-lang/crates.io-index,MPL-2.0,04744f49eae99ab78e0d5c0b603ab218f515ea8cfe5a456d7629ad883a3b6e7d,WEAK_COPYLEFT_FILE_LEVEL
pango,0.18.3,registry+https://github.com/rust-lang/crates.io-index,MIT,7ca27ec1eb0457ab26f3036ea52229edbdb74dee1edd29063f5b9b010e7ebee4,PERMISSIVE_OR_NOTICE
pango-sys,0.18.0,registry+https://github.com/rust-lang/crates.io-index,MIT,436737e391a843e5933d6d9aa102cb126d501e815b83601365a948a518555dc5,PERMISSIVE_OR_NOTICE
parking_lot,0.12.5,registry+https://github.com/rust-lang/crates.io-index,MIT OR Apache-2.0,93857453250e3077bd71ff98b6a65ea6621a19bb0f559a85248955ac12c45a1a,PERMISSIVE_OR_NOTICE
parking_lot_core,0.9.12,registry+https://github.com/rust-lang/crates.io-index,MIT OR Apache-2.0,2621685985a2ebf1c516881c026032ac7deafcda1a2c9b7850dc81e3dfcb64c1,PERMISSIVE_OR_NOTICE
percent-encoding,2.3.2,registry+https://github.com/rust-lang/crates.io-index,MIT OR Apache-2.0,9b4f627cb1b25917193a259e49bdad08f671f8d9708acfd5fe0a8c1455d87220,PERMISSIVE_OR_NOTICE
phf,0.13.1,registry+https://github.com/rust-lang/crates.io-index,MIT,c1562dc717473dbaa4c1f85a36410e03c047b2e7df7f45ee938fbef64ae7fadf,PERMISSIVE_OR_NOTICE
phf_codegen,0.13.1,registry+https://github.com/rust-lang/crates.io-index,MIT,49aa7f9d80421bca176ca8dbfebe668cc7a2684708594ec9f3c0db0805d5d6e1,PERMISSIVE_OR_NOTICE
phf_generator,0.13.1,registry+https://github.com/rust-lang/crates.io-index,MIT,135ace3a761e564ec88c03a77317a7c6b80bb7f7135ef2544dbe054243b89737,PERMISSIVE_OR_NOTICE
phf_macros,0.13.1,registry+https://github.com/rust-lang/crates.io-index,MIT,812f032b54b1e759ccd5f8b6677695d5268c588701effba24601f6932f8269ef,PERMISSIVE_OR_NOTICE
phf_shared,0.13.1,registry+https://github.com/rust-lang/crates.io-index,MIT,e57fef6bc5981e38c2ce2d63bfa546861309f875b8a75f092d1d54ae2d64f266,PERMISSIVE_OR_NOTICE
pin-project-lite,0.2.17,registry+https://github.com/rust-lang/crates.io-index,Apache-2.0 OR MIT,a89322df9ebe1c1578d689c92318e070967d1042b512afbe49518723f4e6d5cd,PERMISSIVE_OR_NOTICE
pkg-config,0.3.32,registry+https://github.com/rust-lang/crates.io-index,MIT OR Apache-2.0,7edddbd0b52d732b21ad9a5fab5c704c14cd949e5e9a1ec5929a24fded1b904c,PERMISSIVE_OR_NOTICE
plist,1.10.0,registry+https://github.com/rust-lang/crates.io-index,MIT,7da1d65da6dd5d1e44199ac0f58712d241c0f439f80adea8924d832384087f85,PERMISSIVE_OR_NOTICE
png,0.17.16,registry+https://github.com/rust-lang/crates.io-index,MIT OR Apache-2.0,82151a2fc869e011c153adc57cf2789ccb8d9906ce52c0b39a6b5697749d7526,PERMISSIVE_OR_NOTICE
png,0.18.1,registry+https://github.com/rust-lang/crates.io-index,MIT OR Apache-2.0,60769b8b31b2a9f263dae2776c37b1b28ae246943cf719eb6946a1db05128a61,PERMISSIVE_OR_NOTICE
portable-atomic,1.15.0,registry+https://github.com/rust-lang/crates.io-index,Apache-2.0 OR MIT,05c8b63e8d9609db387f0324918f81d68fe27748f084ef092fb35954d0539a85,PERMISSIVE_OR_NOTICE
portable-atomic-util,0.2.7,registry+https://github.com/rust-lang/crates.io-index,Apache-2.0 OR MIT,c2a106d1259c23fac8e543272398ae0e3c0b8d33c88ed73d0cc71b0f1d902618,PERMISSIVE_OR_NOTICE
potential_utf,0.1.6,registry+https://github.com/rust-lang/crates.io-index,Unicode-3.0,d83eb9bc6d8e5cf568e7a1101d60ee05e81ed50ea106026f3d18deeb046d7661,PERMISSIVE_OR_NOTICE
powerfmt,0.2.0,registry+https://github.com/rust-lang/crates.io-index,MIT OR Apache-2.0,439ee305def115ba05938db6eb1644ff94165c5ab5e9420d1c1bcedbba909391,PERMISSIVE_OR_NOTICE
ppv-lite86,0.2.21,registry+https://github.com/rust-lang/crates.io-index,MIT OR Apache-2.0,85eae3c4ed2f50dcfe72643da4befc30deadb458a9b590d720cde2f2b1e97da9,PERMISSIVE_OR_NOTICE
precomputed-hash,0.1.1,registry+https://github.com/rust-lang/crates.io-index,MIT,925383efa346730478fb4838dbe9137d2a47675ad789c546d150a6e1dd4ab31c,PERMISSIVE_OR_NOTICE
prettyplease,0.2.37,registry+https://github.com/rust-lang/crates.io-index,MIT OR Apache-2.0,479ca8adacdd7ce8f1fb39ce9ecccbfe93a3f1344b3d0d97f20bc0196208f62b,PERMISSIVE_OR_NOTICE
proc-macro-crate,1.3.1,registry+https://github.com/rust-lang/crates.io-index,MIT OR Apache-2.0,7f4c021e1093a56626774e81216a4ce732a735e5bad4868a03f3ed65ca0c3919,PERMISSIVE_OR_NOTICE
proc-macro-crate,2.0.2,registry+https://github.com/rust-lang/crates.io-index,MIT OR Apache-2.0,b00f26d3400549137f92511a46ac1cd8ce37cb5598a96d382381458b992a5d24,PERMISSIVE_OR_NOTICE
proc-macro-crate,3.5.0,registry+https://github.com/rust-lang/crates.io-index,MIT OR Apache-2.0,e67ba7e9b2b56446f1d419b1d807906278ffa1a658a8a5d8a39dcb1f5a78614f,PERMISSIVE_OR_NOTICE
proc-macro-error,1.0.4,registry+https://github.com/rust-lang/crates.io-index,MIT OR Apache-2.0,da25490ff9892aab3fcf7c36f08cfb902dd3e71ca0f9f9517bea02a73a5ce38c,PERMISSIVE_OR_NOTICE
proc-macro-error-attr,1.0.4,registry+https://github.com/rust-lang/crates.io-index,MIT OR Apache-2.0,a1be40180e52ecc98ad80b184934baf3d0d29f979574e439af5a55274b35f869,PERMISSIVE_OR_NOTICE
proc-macro2,1.0.106,registry+https://github.com/rust-lang/crates.io-index,MIT OR Apache-2.0,8fd00f0bb2e90d81d1044c2b32617f68fcb9fa3bb7640c23e9c748e53fb30934,PERMISSIVE_OR_NOTICE
ptr_meta,0.1.4,registry+https://github.com/rust-lang/crates.io-index,MIT,0738ccf7ea06b608c10564b31debd4f5bc5e197fc8bfe088f68ae5ce81e7a4f1,PERMISSIVE_OR_NOTICE
ptr_meta_derive,0.1.4,registry+https://github.com/rust-lang/crates.io-index,MIT,16b845dbfca988fa33db069c0e230574d15a3088f147a87b64c7589eb662c9ac,PERMISSIVE_OR_NOTICE
quick-xml,0.39.2,registry+https://github.com/rust-lang/crates.io-index,MIT,958f21e8e7ceb5a1aa7fa87fab28e7c75976e0bfe7e23ff069e0a260f894067d,PERMISSIVE_OR_NOTICE
quick-xml,0.41.0,registry+https://github.com/rust-lang/crates.io-index,MIT,e660451e55124f798a69a5af3f49ccfbefbd41910eefd25caf2393e1f3473ec1,PERMISSIVE_OR_NOTICE
quote,1.0.45,registry+https://github.com/rust-lang/crates.io-index,MIT OR Apache-2.0,41f2619966050689382d2b44f664f4bc593e129785a36d6ee376ddf37259b924,PERMISSIVE_OR_NOTICE
r-efi,5.3.0,registry+https://github.com/rust-lang/crates.io-index,MIT OR Apache-2.0 OR LGPL-2.1-or-later,69cdb34c158ceb288df11e18b4bd39de994f6657d83847bdffdbd7f346754b0f,PERMISSIVE_ALTERNATIVE_SELECTED
r-efi,6.0.0,registry+https://github.com/rust-lang/crates.io-index,MIT OR Apache-2.0 OR LGPL-2.1-or-later,f8dcc9c7d52a811697d2151c701e0d08956f92b0e24136cf4cf27b57a6a0d9bf,PERMISSIVE_ALTERNATIVE_SELECTED
radium,0.7.0,registry+https://github.com/rust-lang/crates.io-index,MIT,dc33ff2d4973d518d823d61aa239014831e521c75da58e3df4840d3f47749d09,PERMISSIVE_OR_NOTICE
rand,0.8.5,registry+https://github.com/rust-lang/crates.io-index,MIT OR Apache-2.0,34af8d1a0e25924bc5b7c43c079c942339d8f0a8b57c39049bef581b46327404,PERMISSIVE_OR_NOTICE
rand_chacha,0.3.1,registry+https://github.com/rust-lang/crates.io-index,MIT OR Apache-2.0,e6c10a63a0fa32252be49d21e7709d4d4baf8d231c2dbce1eaa8141b9b127d88,PERMISSIVE_OR_NOTICE
rand_core,0.6.4,registry+https://github.com/rust-lang/crates.io-index,MIT OR Apache-2.0,ec0be4795e2f6a28069bec0b5ff3e2ac9bafc99e6a9a7dc3547996c5c816922c,PERMISSIVE_OR_NOTICE
raw-window-handle,0.6.2,registry+https://github.com/rust-lang/crates.io-index,MIT OR Apache-2.0 OR Zlib,20675572f6f24e9e76ef639bc5552774ed45f1c30e2951e1e99c59888861c539,PERMISSIVE_OR_NOTICE
redox_syscall,0.5.18,registry+https://github.com/rust-lang/crates.io-index,MIT,ed2bf2547551a7053d6fdfafda3f938979645c44812fbfcda098faae3f1a362d,PERMISSIVE_OR_NOTICE
redox_users,0.5.2,registry+https://github.com/rust-lang/crates.io-index,MIT,a4e608c6638b9c18977b00b475ac1f28d14e84b27d8d42f70e0bf1e3dec127ac,PERMISSIVE_OR_NOTICE
ref-cast,1.0.27,registry+https://github.com/rust-lang/crates.io-index,MIT OR Apache-2.0,7e440fb4e4b4147295338efb76001ab9e4efc0e5839df2c47fc5ac2381d365c3,PERMISSIVE_OR_NOTICE
ref-cast-impl,1.0.27,registry+https://github.com/rust-lang/crates.io-index,MIT OR Apache-2.0,92ecd8964f8453721699a1ed72037b0db49ce2f5a5138486ee89bed6f67cdf3a,PERMISSIVE_OR_NOTICE
regex,1.12.3,registry+https://github.com/rust-lang/crates.io-index,MIT OR Apache-2.0,e10754a14b9137dd7b1e3e5b0493cc9171fdd105e0ab477f51b72e7f3ac0e276,PERMISSIVE_OR_NOTICE
regex-automata,0.4.14,registry+https://github.com/rust-lang/crates.io-index,MIT OR Apache-2.0,6e1dd4122fc1595e8162618945476892eefca7b88c52820e74af6262213cae8f,PERMISSIVE_OR_NOTICE
regex-syntax,0.8.10,registry+https://github.com/rust-lang/crates.io-index,MIT OR Apache-2.0,dc897dd8d9e8bd1ed8cdad82b5966c3e0ecae09fb1907d58efaa013543185d0a,PERMISSIVE_OR_NOTICE
rend,0.4.2,registry+https://github.com/rust-lang/crates.io-index,MIT,71fe3824f5629716b1589be05dacd749f6aa084c87e00e016714a8cdfccc997c,PERMISSIVE_OR_NOTICE
reqwest,0.13.4,registry+https://github.com/rust-lang/crates.io-index,MIT OR Apache-2.0,219c5811de6525e5416c7d5d53bb656d3afdbc6c5af816e0802bcfa42dbdc1c3,PERMISSIVE_OR_NOTICE
rkyv,0.7.46,registry+https://github.com/rust-lang/crates.io-index,MIT,2297bf9c81a3f0dc96bc9521370b88f054168c29826a75e89c55ff196e7ed6a1,PERMISSIVE_OR_NOTICE
rkyv_derive,0.7.46,registry+https://github.com/rust-lang/crates.io-index,MIT,84d7b42d4b8d06048d3ac8db0eb31bcb942cbeb709f0b5f2b2ebde398d3038f5,PERMISSIVE_OR_NOTICE
rpassword,7.4.0,registry+https://github.com/rust-lang/crates.io-index,Apache-2.0,66d4c8b64f049c6721ec8ccec37ddfc3d641c4a7fca57e8f2a89de509c73df39,PERMISSIVE_OR_NOTICE
rsqlite-vfs,0.1.0,registry+https://github.com/rust-lang/crates.io-index,MIT,a8a1f2315036ef6b1fbacd1972e8ee7688030b0a2121edfc2a6550febd41574d,PERMISSIVE_OR_NOTICE
rtoolbox,0.0.3,registry+https://github.com/rust-lang/crates.io-index,Apache-2.0,a7cc970b249fbe527d6e02e0a227762c9108b2f49d81094fe357ffc6d14d7f6f,PERMISSIVE_OR_NOTICE
rusqlite,0.39.0,registry+https://github.com/rust-lang/crates.io-index,MIT,a0d2b0146dd9661bf67bb107c0bb2a55064d556eeb3fc314151b957f313bcd4e,PERMISSIVE_OR_NOTICE
rust_decimal,1.40.0,registry+https://github.com/rust-lang/crates.io-index,MIT,61f703d19852dbf87cbc513643fa81428361eb6940f1ac14fd58155d295a3eb0,PERMISSIVE_OR_NOTICE
rustc-hash,2.1.3,registry+https://github.com/rust-lang/crates.io-index,Apache-2.0 OR MIT,6b1e7f9a428571be2dc5bc0505c13fb6bf936822b894ec87abf8a08a4e51742d,PERMISSIVE_OR_NOTICE
rustc_version,0.4.1,registry+https://github.com/rust-lang/crates.io-index,MIT OR Apache-2.0,cfcb3a22ef46e85b45de6ee7e79d063319ebb6594faafcf1c225ea92ab6e9b92,PERMISSIVE_OR_NOTICE
rustix,1.1.4,registry+https://github.com/rust-lang/crates.io-index,Apache-2.0 WITH LLVM-exception OR Apache-2.0 OR MIT,b6fe4565b9518b83ef4f91bb47ce29620ca828bd32cb7e408f0062e9930ba190,PERMISSIVE_OR_NOTICE
rustversion,1.0.22,registry+https://github.com/rust-lang/crates.io-index,MIT OR Apache-2.0,b39cdef0fa800fc44525c84ccb54a029961a8215f9619753635a9c0d2538d46d,PERMISSIVE_OR_NOTICE
ryu,1.0.23,registry+https://github.com/rust-lang/crates.io-index,Apache-2.0 OR BSL-1.0,9774ba4a74de5f7b1c1451ed6cd5285a32eddb5cccb8cc655a4e50009e06477f,PERMISSIVE_OR_NOTICE
same-file,1.0.6,registry+https://github.com/rust-lang/crates.io-index,Unlicense/MIT,93fc1dc3aaa9bfed95e02e6eadabb4baf7e3078b0bd1b4d7b6b0b68378900502,PERMISSIVE_OR_NOTICE
schemars,0.8.22,registry+https://github.com/rust-lang/crates.io-index,MIT,3fbf2ae1b8bc8e02df939598064d22402220cd5bbcca1c76f7d6a310974d5615,PERMISSIVE_OR_NOTICE
schemars,0.9.0,registry+https://github.com/rust-lang/crates.io-index,MIT,4cd191f9397d57d581cddd31014772520aa448f65ef991055d7f61582c65165f,PERMISSIVE_OR_NOTICE
schemars,1.2.2,registry+https://github.com/rust-lang/crates.io-index,MIT,687274d293b6cdc6e73e0fee520bf2049650090d7164f87672d212a3c530cf4a,PERMISSIVE_OR_NOTICE
schemars_derive,0.8.22,registry+https://github.com/rust-lang/crates.io-index,MIT,32e265784ad618884abaea0600a9adf15393368d840e0222d101a072f3f7534d,PERMISSIVE_OR_NOTICE
scopeguard,1.2.0,registry+https://github.com/rust-lang/crates.io-index,MIT OR Apache-2.0,94143f37725109f92c262ed2cf5e59bce7498c01bcc1502d7b9afe439a4e9f49,PERMISSIVE_OR_NOTICE
seahash,4.1.0,registry+https://github.com/rust-lang/crates.io-index,MIT,1c107b6f4780854c8b126e228ea8869f4d7b71260f962fefb57b996b8959ba6b,PERMISSIVE_OR_NOTICE
secrecy,0.10.3,registry+https://github.com/rust-lang/crates.io-index,Apache-2.0 OR MIT,e891af845473308773346dc847b2c23ee78fe442e0472ac50e22a18a93d3ae5a,PERMISSIVE_OR_NOTICE
selectors,0.36.1,registry+https://github.com/rust-lang/crates.io-index,MPL-2.0,c5d9c0c92a92d33f08817311cf3f2c29a3538a8240e94a6a3c622ce652d7e00c,WEAK_COPYLEFT_FILE_LEVEL
semver,1.0.27,registry+https://github.com/rust-lang/crates.io-index,MIT OR Apache-2.0,d767eb0aabc880b29956c35734170f26ed551a859dbd361d140cdbeca61ab1e2,PERMISSIVE_OR_NOTICE
serde,1.0.228,registry+https://github.com/rust-lang/crates.io-index,MIT OR Apache-2.0,9a8e94ea7f378bd32cbbd37198a4a91436180c5bb472411e48b5ec2e2124ae9e,PERMISSIVE_OR_NOTICE
serde-untagged,0.1.9,registry+https://github.com/rust-lang/crates.io-index,MIT OR Apache-2.0,f9faf48a4a2d2693be24c6289dbe26552776eb7737074e6722891fadbe6c5058,PERMISSIVE_OR_NOTICE
serde_core,1.0.228,registry+https://github.com/rust-lang/crates.io-index,MIT OR Apache-2.0,41d385c7d4ca58e59fc732af25c3983b67ac852c1a25000afe1175de458b67ad,PERMISSIVE_OR_NOTICE
serde_derive,1.0.228,registry+https://github.com/rust-lang/crates.io-index,MIT OR Apache-2.0,d540f220d3187173da220f885ab66608367b6574e925011a9353e4badda91d79,PERMISSIVE_OR_NOTICE
serde_derive_internals,0.29.1,registry+https://github.com/rust-lang/crates.io-index,MIT OR Apache-2.0,18d26a20a969b9e3fdf2fc2d9f21eda6c40e2de84c9408bb5d3b05d499aae711,PERMISSIVE_OR_NOTICE
serde_json,1.0.149,registry+https://github.com/rust-lang/crates.io-index,MIT OR Apache-2.0,83fc039473c5595ace860d8c4fafa220ff474b3fc6bfdb4293327f1a37e94d86,PERMISSIVE_OR_NOTICE
serde_repr,0.1.21,registry+https://github.com/rust-lang/crates.io-index,MIT OR Apache-2.0,8d3b1629de253c70a0508c3899572da79ca359fdab27c7920ff00406df418906,PERMISSIVE_OR_NOTICE
serde_spanned,0.6.9,registry+https://github.com/rust-lang/crates.io-index,MIT OR Apache-2.0,bf41e0cfaf7226dca15e8197172c295a782857fcb97fad1808a166870dee75a3,PERMISSIVE_OR_NOTICE
serde_spanned,1.1.1,registry+https://github.com/rust-lang/crates.io-index,MIT OR Apache-2.0,6662b5879511e06e8999a8a235d848113e942c9124f211511b16466ee2995f26,PERMISSIVE_OR_NOTICE
serde_with,3.22.0,registry+https://github.com/rust-lang/crates.io-index,MIT OR Apache-2.0,ee78f1fbe43ac4a0e47aadb3dbd357b69eb0d3793e948624cd03dd2750ab1c0a,PERMISSIVE_OR_NOTICE
serde_with_macros,3.22.0,registry+https://github.com/rust-lang/crates.io-index,MIT OR Apache-2.0,8705578779c2b6bd90d84d66eb2e206b708b1a4d7b9f17641b293545bf1c7e46,PERMISSIVE_OR_NOTICE
serialize-to-javascript,0.1.2,registry+https://github.com/rust-lang/crates.io-index,MIT OR Apache-2.0,04f3666a07a197cdb77cdf306c32be9b7f598d7060d50cfd4d5aa04bfd92f6c5,PERMISSIVE_OR_NOTICE
serialize-to-javascript-impl,0.1.2,registry+https://github.com/rust-lang/crates.io-index,MIT OR Apache-2.0,772ee033c0916d670af7860b6e1ef7d658a4629a6d0b4c8c3e67f09b3765b75d,PERMISSIVE_OR_NOTICE
servo_arc,0.4.3,registry+https://github.com/rust-lang/crates.io-index,MIT OR Apache-2.0,170fb83ab34de17dc69aa7c67482b22218ddb85da56546f9bd6b929e32a05930,PERMISSIVE_OR_NOTICE
sha2,0.10.9,registry+https://github.com/rust-lang/crates.io-index,MIT OR Apache-2.0,a7507d819769d01a365ab707794a4084392c824f54a7a6a7862f8c3d0892b283,PERMISSIVE_OR_NOTICE
shark-foundation,0.0.1,workspace/path,Apache-2.0,,PERMISSIVE_OR_NOTICE
shark-tauri-spike,0.0.1,workspace/path,Apache-2.0,,PERMISSIVE_OR_NOTICE
shlex,1.3.0,registry+https://github.com/rust-lang/crates.io-index,MIT OR Apache-2.0,0fda2ff0d084019ba4d7c6f371c95d8fd75ce3524c3cb8fb653a3023f6323e64,PERMISSIVE_OR_NOTICE
simd-adler32,0.3.10,registry+https://github.com/rust-lang/crates.io-index,MIT,3a219298ac11a56ea9a6d2120044824d6f01aeb034955e7af7bc16858527deea,PERMISSIVE_OR_NOTICE
simdutf8,0.1.5,registry+https://github.com/rust-lang/crates.io-index,MIT OR Apache-2.0,e3a9fe34e3e7a50316060351f37187a3f546bce95496156754b601a5fa71b76e,PERMISSIVE_OR_NOTICE
siphasher,1.0.3,registry+https://github.com/rust-lang/crates.io-index,MIT/Apache-2.0,8ee5873ec9cce0195efcb7a4e9507a04cd49aec9c83d0389df45b1ef7ba2e649,PERMISSIVE_OR_NOTICE
slab,0.4.12,registry+https://github.com/rust-lang/crates.io-index,MIT,0c790de23124f9ab44544d7ac05d60440adc586479ce501c1d6d7da3cd8c9cf5,PERMISSIVE_OR_NOTICE
smallvec,1.15.1,registry+https://github.com/rust-lang/crates.io-index,MIT OR Apache-2.0,67b1b7a3b5fe4f1376887184045fcf45c69e92af734b7aaddc05fb777b6fbd03,PERMISSIVE_OR_NOTICE
socket2,0.6.5,registry+https://github.com/rust-lang/crates.io-index,MIT OR Apache-2.0,c3d1e2c7f27f8d4cb10542a02c49005dbd6e93095799d6f3be745fae9f8fedd4,PERMISSIVE_OR_NOTICE
softbuffer,0.4.8,registry+https://github.com/rust-lang/crates.io-index,MIT OR Apache-2.0,aac18da81ebbf05109ab275b157c22a653bb3c12cf884450179942f81bcbf6c3,PERMISSIVE_OR_NOTICE
soup3,0.5.0,registry+https://github.com/rust-lang/crates.io-index,MIT,471f924a40f31251afc77450e781cb26d55c0b650842efafc9c6cbd2f7cc4f9f,PERMISSIVE_OR_NOTICE
soup3-sys,0.5.0,registry+https://github.com/rust-lang/crates.io-index,MIT,7ebe8950a680a12f24f15ebe1bf70db7af98ad242d9db43596ad3108aab86c27,PERMISSIVE_OR_NOTICE
sqlite-wasm-rs,0.5.2,registry+https://github.com/rust-lang/crates.io-index,MIT,2f4206ed3a67690b9c29b77d728f6acc3ce78f16bf846d83c94f76400320181b,PERMISSIVE_OR_NOTICE
stable_deref_trait,1.2.1,registry+https://github.com/rust-lang/crates.io-index,MIT OR Apache-2.0,6ce2be8dc25455e1f91df71bfa12ad37d7af1092ae736f3a6cd0e37bc7810596,PERMISSIVE_OR_NOTICE
string_cache,0.9.0,registry+https://github.com/rust-lang/crates.io-index,MIT OR Apache-2.0,a18596f8c785a729f2819c0f6a7eae6ebeebdfffbfe4214ae6b087f690e31901,PERMISSIVE_OR_NOTICE
string_cache_codegen,0.6.1,registry+https://github.com/rust-lang/crates.io-index,MIT OR Apache-2.0,585635e46db231059f76c5849798146164652513eb9e8ab2685939dd90f29b69,PERMISSIVE_OR_NOTICE
strsim,0.11.1,registry+https://github.com/rust-lang/crates.io-index,MIT,7da8b5736845d9f2fcb837ea5d9e2628564b3b043a70948a3f0b778838c5fb4f,PERMISSIVE_OR_NOTICE
swift-rs,1.0.8,registry+https://github.com/rust-lang/crates.io-index,MIT OR Apache-2.0,e45c444e496845d3f2a351146bff59aae4975b2280238df1dfaa0c7d1846f38e,PERMISSIVE_OR_NOTICE
syn,1.0.109,registry+https://github.com/rust-lang/crates.io-index,MIT OR Apache-2.0,72b64191b275b66ffe2469e8af2c1cfe3bafa67b529ead792a6d0160888b4237,PERMISSIVE_OR_NOTICE
syn,2.0.117,registry+https://github.com/rust-lang/crates.io-index,MIT OR Apache-2.0,e665b8803e7b1d2a727f4023456bbbbe74da67099c585258af0ad9c5013b9b99,PERMISSIVE_OR_NOTICE
syn,3.0.4,registry+https://github.com/rust-lang/crates.io-index,MIT OR Apache-2.0,e6275cddf4610d1775e6d1fe9469b2e77d0f39fd98fb7450901b821e0c53649f,PERMISSIVE_OR_NOTICE
sync_wrapper,1.0.2,registry+https://github.com/rust-lang/crates.io-index,Apache-2.0,0bf256ce5efdfa370213c1dabab5935a12e49f2c58d15e9eac2870d3b4f27263,PERMISSIVE_OR_NOTICE
synstructure,0.13.2,registry+https://github.com/rust-lang/crates.io-index,MIT,728a70f3dbaf5bab7f0c4b1ac8d7ae5ea60a4b5549c8a5914361c99147a709d2,PERMISSIVE_OR_NOTICE
system-deps,6.2.2,registry+https://github.com/rust-lang/crates.io-index,MIT OR Apache-2.0,a3e535eb8dded36d55ec13eddacd30dec501792ff23a0b1682c38601b8cf2349,PERMISSIVE_OR_NOTICE
tao,0.35.3,registry+https://github.com/rust-lang/crates.io-index,Apache-2.0,d1c93047acf68669466a34690ac58cca7010bd1b201e1ec86f1fd0a75d3dd4a9,PERMISSIVE_OR_NOTICE
tao-macros,0.1.4,registry+https://github.com/rust-lang/crates.io-index,MIT OR Apache-2.0,5f7eeb6d99155545da6150a1795945f16ac9c178deb2a5f2e74d776107bd5849,PERMISSIVE_OR_NOTICE
tap,1.0.1,registry+https://github.com/rust-lang/crates.io-index,MIT,55937e1799185b12863d447f42597ed69d9928686b8d88a1df17376a097d8369,PERMISSIVE_OR_NOTICE
target-lexicon,0.12.16,registry+https://github.com/rust-lang/crates.io-index,Apache-2.0 WITH LLVM-exception,61c41af27dd6d1e27b1b16b489db798443478cef1f06a660c96db617ba5de3b1,PERMISSIVE_OR_NOTICE
tauri,2.11.5,registry+https://github.com/rust-lang/crates.io-index,Apache-2.0 OR MIT,667b20e2726d572dea2de7370da16e188eb06008faf9a92fab7cdc46791190b5,PERMISSIVE_OR_NOTICE
tauri-build,2.6.3,registry+https://github.com/rust-lang/crates.io-index,Apache-2.0 OR MIT,bc9ce40b16101cb6ea63d3e221567affd1c3a9205f95d7bc574941a10636b632,PERMISSIVE_OR_NOTICE
tauri-codegen,2.6.3,registry+https://github.com/rust-lang/crates.io-index,Apache-2.0 OR MIT,08279169ff42f8fc45a1dbc9dcae888893ba95288142e5880c59b93a26d2cfc5,PERMISSIVE_OR_NOTICE
tauri-macros,2.6.3,registry+https://github.com/rust-lang/crates.io-index,Apache-2.0 OR MIT,e8b394794f399a421811d06966343e7933fcae92d59f5180b9388d1174497a45,PERMISSIVE_OR_NOTICE
tauri-runtime,2.11.3,registry+https://github.com/rust-lang/crates.io-index,Apache-2.0 OR MIT,b0b4bc95aed361b0019067d189a1174a603d460d0f6c72606512d59fc9c12ec8,PERMISSIVE_OR_NOTICE
tauri-runtime-wry,2.11.4,registry+https://github.com/rust-lang/crates.io-index,Apache-2.0 OR MIT,4e6fac707727b7a2f48e4ded90976324267371073edbb415ffb73bb0458d203f,PERMISSIVE_OR_NOTICE
tauri-utils,2.9.3,registry+https://github.com/rust-lang/crates.io-index,Apache-2.0 OR MIT,3e176a18e67764923c4f1ce66f25ae4abe5f688384d5eb1a0fa6c77f3d90f887,PERMISSIVE_OR_NOTICE
tauri-winres,0.3.6,registry+https://github.com/rust-lang/crates.io-index,MIT,cc65d45c68858bfe420dd29e834b5d15dbecf8a07a8a16cf4d532c7b1f69d4b6,PERMISSIVE_OR_NOTICE
tendril,0.5.1,registry+https://github.com/rust-lang/crates.io-index,MIT OR Apache-2.0,5fed54709c5b3a53d09bb1c113ea4f5ceafd1e772ddcb0030a82e1d56c087b08,PERMISSIVE_OR_NOTICE
thiserror,1.0.69,registry+https://github.com/rust-lang/crates.io-index,MIT OR Apache-2.0,b6aaf5339b578ea85b50e080feb250a3e8ae8cfcdff9a461c9ec2904bc923f52,PERMISSIVE_OR_NOTICE
thiserror,2.0.18,registry+https://github.com/rust-lang/crates.io-index,MIT OR Apache-2.0,4288b5bcbc7920c07a1149a35cf9590a2aa808e0bc1eafaade0b80947865fbc4,PERMISSIVE_OR_NOTICE
thiserror-impl,1.0.69,registry+https://github.com/rust-lang/crates.io-index,MIT OR Apache-2.0,4fee6c4efc90059e10f81e6d42c60a18f76588c3d74cb83a0b242a2b6c7504c1,PERMISSIVE_OR_NOTICE
thiserror-impl,2.0.18,registry+https://github.com/rust-lang/crates.io-index,MIT OR Apache-2.0,ebc4ee7f67670e9b64d05fa4253e753e016c6c95ff35b89b7941d6b856dec1d5,PERMISSIVE_OR_NOTICE
time,0.3.47,registry+https://github.com/rust-lang/crates.io-index,MIT OR Apache-2.0,743bd48c283afc0388f9b8827b976905fb217ad9e647fae3a379a9283c4def2c,PERMISSIVE_OR_NOTICE
time-core,0.1.8,registry+https://github.com/rust-lang/crates.io-index,MIT OR Apache-2.0,7694e1cfe791f8d31026952abf09c69ca6f6fa4e1a1229e18988f06a04a12dca,PERMISSIVE_OR_NOTICE
time-macros,0.2.27,registry+https://github.com/rust-lang/crates.io-index,MIT OR Apache-2.0,2e70e4c5a0e0a8a4823ad65dfe1a6930e4f4d756dcd9dd7939022b5e8c501215,PERMISSIVE_OR_NOTICE
tinystr,0.8.4,registry+https://github.com/rust-lang/crates.io-index,Unicode-3.0,b1e27c91459209c2986af3dcf603a5a74a4368754ce37414f59acc971167f643,PERMISSIVE_OR_NOTICE
tinyvec,1.11.0,registry+https://github.com/rust-lang/crates.io-index,Zlib OR Apache-2.0 OR MIT,3e61e67053d25a4e82c844e8424039d9745781b3fc4f32b8d55ed50f5f667ef3,PERMISSIVE_OR_NOTICE
tinyvec_macros,0.1.1,registry+https://github.com/rust-lang/crates.io-index,MIT OR Apache-2.0 OR Zlib,1f3ccbac311fea05f86f61904b462b55fb3df8837a366dfc601a0161d0532f20,PERMISSIVE_OR_NOTICE
tokio,1.53.1,registry+https://github.com/rust-lang/crates.io-index,MIT,202caea871b69668250d242070849eb495be178ed697a3e98aebce5bc81a0bed,PERMISSIVE_OR_NOTICE
tokio-util,0.7.19,registry+https://github.com/rust-lang/crates.io-index,MIT,494815d09bf52b5548659851081238f0ca39ff638363907596da739561c62c52,PERMISSIVE_OR_NOTICE
toml,0.8.2,registry+https://github.com/rust-lang/crates.io-index,MIT OR Apache-2.0,185d8ab0dfbb35cf1399a6344d8484209c088f75f8f68230da55d48d95d43e3d,PERMISSIVE_OR_NOTICE
toml,0.9.12+spec-1.1.0,registry+https://github.com/rust-lang/crates.io-index,MIT OR Apache-2.0,cf92845e79fc2e2def6a5d828f0801e29a2f8acc037becc5ab08595c7d5e9863,PERMISSIVE_OR_NOTICE
toml,1.0.7+spec-1.1.0,registry+https://github.com/rust-lang/crates.io-index,MIT OR Apache-2.0,dd28d57d8a6f6e458bc0b8784f8fdcc4b99a437936056fa122cb234f18656a96,PERMISSIVE_OR_NOTICE
toml_datetime,0.6.3,registry+https://github.com/rust-lang/crates.io-index,MIT OR Apache-2.0,7cda73e2f1397b1262d6dfdcef8aafae14d1de7748d66822d3bfeeb6d03e5e4b,PERMISSIVE_OR_NOTICE
toml_datetime,0.7.5+spec-1.1.0,registry+https://github.com/rust-lang/crates.io-index,MIT OR Apache-2.0,92e1cfed4a3038bc5a127e35a2d360f145e1f4b971b551a2ba5fd7aedf7e1347,PERMISSIVE_OR_NOTICE
toml_datetime,1.0.1+spec-1.1.0,registry+https://github.com/rust-lang/crates.io-index,MIT OR Apache-2.0,9b320e741db58cac564e26c607d3cc1fdc4a88fd36c879568c07856ed83ff3e9,PERMISSIVE_OR_NOTICE
toml_edit,0.19.15,registry+https://github.com/rust-lang/crates.io-index,MIT OR Apache-2.0,1b5bb770da30e5cbfde35a2d7b9b8a2c4b8ef89548a7a6aeab5c9a576e3e7421,PERMISSIVE_OR_NOTICE
toml_edit,0.20.2,registry+https://github.com/rust-lang/crates.io-index,MIT OR Apache-2.0,396e4d48bbb2b7554c944bde63101b5ae446cff6ec4a24227428f15eb72ef338,PERMISSIVE_OR_NOTICE
toml_edit,0.25.5+spec-1.1.0,registry+https://github.com/rust-lang/crates.io-index,MIT OR Apache-2.0,8ca1a40644a28bce036923f6a431df0b34236949d111cc07cb6dca830c9ef2e1,PERMISSIVE_OR_NOTICE
toml_parser,1.0.10+spec-1.1.0,registry+https://github.com/rust-lang/crates.io-index,MIT OR Apache-2.0,7df25b4befd31c4816df190124375d5a20c6b6921e2cad937316de3fccd63420,PERMISSIVE_OR_NOTICE
toml_writer,1.1.2+spec-1.1.0,registry+https://github.com/rust-lang/crates.io-index,MIT OR Apache-2.0,7d56353a2a665ad0f41a421187180aab746c8c325620617ad883a99a1cbe66d2,PERMISSIVE_OR_NOTICE
tower,0.5.3,registry+https://github.com/rust-lang/crates.io-index,MIT,ebe5ef63511595f1344e2d5cfa636d973292adc0eec1f0ad45fae9f0851ab1d4,PERMISSIVE_OR_NOTICE
tower-http,0.6.11,registry+https://github.com/rust-lang/crates.io-index,MIT,4cfcf7e2740e6fc6d4d688b4ef00650406bb94adf4731e43c096c3a19fe40840,PERMISSIVE_OR_NOTICE
tower-layer,0.3.3,registry+https://github.com/rust-lang/crates.io-index,MIT,121c2a6cda46980bb0fcd1647ffaf6cd3fc79a013de288782836f6df9c48780e,PERMISSIVE_OR_NOTICE
tower-service,0.3.3,registry+https://github.com/rust-lang/crates.io-index,MIT,8df9b6e13f2d32c91b9bd719c00d1958837bc7dec474d94952798cc8e69eeec3,PERMISSIVE_OR_NOTICE
tracing,0.1.44,registry+https://github.com/rust-lang/crates.io-index,MIT,63e71662fa4b2a2c3a26f570f037eb95bb1f85397f3cd8076caed2f026a6d100,PERMISSIVE_OR_NOTICE
tracing-core,0.1.36,registry+https://github.com/rust-lang/crates.io-index,MIT,db97caf9d906fbde555dd62fa95ddba9eecfd14cb388e4f491a66d74cd5fb79a,PERMISSIVE_OR_NOTICE
tray-icon,0.24.2,registry+https://github.com/rust-lang/crates.io-index,MIT OR Apache-2.0,045979e3f037cd18ad1cb2a419dfda133c5c29c9f3453370079f2255d46c257e,PERMISSIVE_OR_NOTICE
try-lock,0.2.5,registry+https://github.com/rust-lang/crates.io-index,MIT,e421abadd41a4225275504ea4d6566923418b7f05506fbc9c0fe86ba7396114b,PERMISSIVE_OR_NOTICE
typeid,1.0.3,registry+https://github.com/rust-lang/crates.io-index,MIT OR Apache-2.0,bc7d623258602320d5c55d1bc22793b57daff0ec7efc270ea7d55ce1d5f5471c,PERMISSIVE_OR_NOTICE
typenum,1.19.0,registry+https://github.com/rust-lang/crates.io-index,MIT OR Apache-2.0,562d481066bde0658276a35467c4af00bdc6ee726305698a55b86e61d7ad82bb,PERMISSIVE_OR_NOTICE
unic-char-property,0.9.0,registry+https://github.com/rust-lang/crates.io-index,MIT/Apache-2.0,a8c57a407d9b6fa02b4795eb81c5b6652060a15a7903ea981f3d723e6c0be221,PERMISSIVE_OR_NOTICE
unic-char-range,0.9.0,registry+https://github.com/rust-lang/crates.io-index,MIT/Apache-2.0,0398022d5f700414f6b899e10b8348231abf9173fa93144cbc1a43b9793c1fbc,PERMISSIVE_OR_NOTICE
unic-common,0.9.0,registry+https://github.com/rust-lang/crates.io-index,MIT/Apache-2.0,80d7ff825a6a654ee85a63e80f92f054f904f21e7d12da4e22f9834a4aaa35bc,PERMISSIVE_OR_NOTICE
unic-ucd-ident,0.9.0,registry+https://github.com/rust-lang/crates.io-index,MIT/Apache-2.0,e230a37c0381caa9219d67cf063aa3a375ffed5bf541a452db16e744bdab6987,PERMISSIVE_OR_NOTICE
unic-ucd-version,0.9.0,registry+https://github.com/rust-lang/crates.io-index,MIT/Apache-2.0,96bd2f2237fe450fcd0a1d2f5f4e91711124f7857ba2e964247776ebeeb7b0c4,PERMISSIVE_OR_NOTICE
unicode-ident,1.0.24,registry+https://github.com/rust-lang/crates.io-index,(MIT OR Apache-2.0) AND Unicode-3.0,e6e4313cd5fcd3dad5cafa179702e2b244f760991f45397d14d4ebf38247da75,PERMISSIVE_OR_NOTICE
unicode-segmentation,1.12.0,registry+https://github.com/rust-lang/crates.io-index,MIT OR Apache-2.0,f6ccf251212114b54433ec949fd6a7841275f9ada20dddd2f29e9ceea4501493,PERMISSIVE_OR_NOTICE
unicode-width,0.2.2,registry+https://github.com/rust-lang/crates.io-index,MIT OR Apache-2.0,b4ac048d71ede7ee76d585517add45da530660ef4390e49b098733c6e897f254,PERMISSIVE_OR_NOTICE
unicode-xid,0.2.6,registry+https://github.com/rust-lang/crates.io-index,MIT OR Apache-2.0,ebc1c04c71510c7f702b52b7c350734c9ff1295c464a03335b00bb84fc54f853,PERMISSIVE_OR_NOTICE
url,2.5.8,registry+https://github.com/rust-lang/crates.io-index,MIT OR Apache-2.0,ff67a8a4397373c3ef660812acab3268222035010ab8680ec4215f38ba3d0eed,PERMISSIVE_OR_NOTICE
urlpattern,0.3.0,registry+https://github.com/rust-lang/crates.io-index,MIT,70acd30e3aa1450bc2eece896ce2ad0d178e9c079493819301573dae3c37ba6d,PERMISSIVE_OR_NOTICE
utf8_iter,1.0.4,registry+https://github.com/rust-lang/crates.io-index,Apache-2.0 OR MIT,b6c140620e7ffbb22c2dee59cafe6084a59b5ffc27a8859a5f0d494b5d52b6be,PERMISSIVE_OR_NOTICE
utf8parse,0.2.2,registry+https://github.com/rust-lang/crates.io-index,Apache-2.0 OR MIT,06abde3611657adf66d383f00b093d7faecc7fa57071cce2578660c9f1010821,PERMISSIVE_OR_NOTICE
uuid,1.22.0,registry+https://github.com/rust-lang/crates.io-index,Apache-2.0 OR MIT,a68d3c8f01c0cfa54a75291d83601161799e4a89a39e0929f4b0354d88757a37,PERMISSIVE_OR_NOTICE
vcpkg,0.2.15,registry+https://github.com/rust-lang/crates.io-index,MIT/Apache-2.0,accd4ea62f7bb7a82fe23066fb0957d48ef677f6eeb8215f372f52e48bb32426,PERMISSIVE_OR_NOTICE
version-compare,0.2.1,registry+https://github.com/rust-lang/crates.io-index,MIT,03c2856837ef78f57382f06b2b8563a2f512f7185d732608fd9176cb3b8edf0e,PERMISSIVE_OR_NOTICE
version_check,0.9.5,registry+https://github.com/rust-lang/crates.io-index,MIT/Apache-2.0,0b928f33d975fc6ad9f86c8f283853ad26bdd5b10b7f1542aa2fa15e2289105a,PERMISSIVE_OR_NOTICE
vswhom,0.1.0,registry+https://github.com/rust-lang/crates.io-index,MIT,be979b7f07507105799e854203b470ff7c78a1639e330a58f183b5fea574608b,PERMISSIVE_OR_NOTICE
vswhom-sys,0.1.3,registry+https://github.com/rust-lang/crates.io-index,MIT,fb067e4cbd1ff067d1df46c9194b5de0e98efd2810bbc95c5d5e5f25a3231150,PERMISSIVE_OR_NOTICE
vte,0.14.1,registry+https://github.com/rust-lang/crates.io-index,Apache-2.0 OR MIT,231fdcd7ef3037e8330d8e17e61011a2c244126acc0a982f4040ac3f9f0bc077,PERMISSIVE_OR_NOTICE
walkdir,2.5.0,registry+https://github.com/rust-lang/crates.io-index,Unlicense/MIT,29790946404f91d9c5d06f9874efddea1dc06c5efe94541a7d6863108e3a5e4b,PERMISSIVE_OR_NOTICE
want,0.3.1,registry+https://github.com/rust-lang/crates.io-index,MIT,bfa7760aed19e106de2c7c0b581b509f2f25d3dacaf737cb82ac61bc6d760b0e,PERMISSIVE_OR_NOTICE
wasi,0.11.1+wasi-snapshot-preview1,registry+https://github.com/rust-lang/crates.io-index,Apache-2.0 WITH LLVM-exception OR Apache-2.0 OR MIT,ccf3ec651a847eb01de73ccad15eb7d99f80485de043efb2f370cd654f4ea44b,PERMISSIVE_OR_NOTICE
wasip2,1.0.1+wasi-0.2.4,registry+https://github.com/rust-lang/crates.io-index,Apache-2.0 WITH LLVM-exception OR Apache-2.0 OR MIT,0562428422c63773dad2c345a1882263bbf4d65cf3f42e90921f787ef5ad58e7,PERMISSIVE_OR_NOTICE
wasip3,0.4.0+wasi-0.3.0-rc-2026-01-06,registry+https://github.com/rust-lang/crates.io-index,Apache-2.0 WITH LLVM-exception OR Apache-2.0 OR MIT,5428f8bf88ea5ddc08faddef2ac4a67e390b88186c703ce6dbd955e1c145aca5,PERMISSIVE_OR_NOTICE
wasm-bindgen,0.2.114,registry+https://github.com/rust-lang/crates.io-index,MIT OR Apache-2.0,6532f9a5c1ece3798cb1c2cfdba640b9b3ba884f5db45973a6f442510a87d38e,PERMISSIVE_OR_NOTICE
wasm-bindgen-futures,0.4.64,registry+https://github.com/rust-lang/crates.io-index,MIT OR Apache-2.0,e9c5522b3a28661442748e09d40924dfb9ca614b21c00d3fd135720e48b67db8,PERMISSIVE_OR_NOTICE
wasm-bindgen-macro,0.2.114,registry+https://github.com/rust-lang/crates.io-index,MIT OR Apache-2.0,18a2d50fcf105fb33bb15f00e7a77b772945a2ee45dcf454961fd843e74c18e6,PERMISSIVE_OR_NOTICE
wasm-bindgen-macro-support,0.2.114,registry+https://github.com/rust-lang/crates.io-index,MIT OR Apache-2.0,03ce4caeaac547cdf713d280eda22a730824dd11e6b8c3ca9e42247b25c631e3,PERMISSIVE_OR_NOTICE
wasm-bindgen-shared,0.2.114,registry+https://github.com/rust-lang/crates.io-index,MIT OR Apache-2.0,75a326b8c223ee17883a4251907455a2431acc2791c98c26279376490c378c16,PERMISSIVE_OR_NOTICE
wasm-encoder,0.244.0,registry+https://github.com/rust-lang/crates.io-index,Apache-2.0 WITH LLVM-exception OR Apache-2.0 OR MIT,990065f2fe63003fe337b932cfb5e3b80e0b4d0f5ff650e6985b1048f62c8319,PERMISSIVE_OR_NOTICE
wasm-metadata,0.244.0,registry+https://github.com/rust-lang/crates.io-index,Apache-2.0 WITH LLVM-exception OR Apache-2.0 OR MIT,bb0e353e6a2fbdc176932bbaab493762eb1255a7900fe0fea1a2f96c296cc909,PERMISSIVE_OR_NOTICE
wasm-streams,0.5.0,registry+https://github.com/rust-lang/crates.io-index,MIT OR Apache-2.0,9d1ec4f6517c9e11ae630e200b2b65d193279042e28edd4a2cda233e46670bbb,PERMISSIVE_OR_NOTICE
wasmparser,0.244.0,registry+https://github.com/rust-lang/crates.io-index,Apache-2.0 WITH LLVM-exception OR Apache-2.0 OR MIT,47b807c72e1bac69382b3a6fb3dbe8ea4c0ed87ff5629b8685ae6b9a611028fe,PERMISSIVE_OR_NOTICE
web-sys,0.3.91,registry+https://github.com/rust-lang/crates.io-index,MIT OR Apache-2.0,854ba17bb104abfb26ba36da9729addc7ce7f06f5c0f90f3c391f8461cca21f9,PERMISSIVE_OR_NOTICE
web_atoms,0.2.6,registry+https://github.com/rust-lang/crates.io-index,MIT OR Apache-2.0,ba8b815c1b593dc0baf78dd0f4fc8fdb2de53198fb1163738093e9a311c33fb3,PERMISSIVE_OR_NOTICE
webkit2gtk,2.0.2,registry+https://github.com/rust-lang/crates.io-index,MIT,a1027150013530fb2eaf806408df88461ae4815a45c541c8975e61d6f2fc4793,PERMISSIVE_OR_NOTICE
webkit2gtk-sys,2.0.2,registry+https://github.com/rust-lang/crates.io-index,MIT,916a5f65c2ef0dfe12fff695960a2ec3d4565359fdbb2e9943c974e06c734ea5,PERMISSIVE_OR_NOTICE
webview2-com,0.38.2,registry+https://github.com/rust-lang/crates.io-index,MIT,7130243a7a5b33c54a444e54842e6a9e133de08b5ad7b5861cd8ed9a6a5bc96a,PERMISSIVE_OR_NOTICE
webview2-com-macros,0.8.1,registry+https://github.com/rust-lang/crates.io-index,MIT,67a921c1b6914c367b2b823cd4cde6f96beec77d30a939c8199bb377cf9b9b54,PERMISSIVE_OR_NOTICE
webview2-com-sys,0.38.2,registry+https://github.com/rust-lang/crates.io-index,MIT,381336cfffd772377d291702245447a5251a2ffa5bad679c99e61bc48bacbf9c,PERMISSIVE_OR_NOTICE
winapi,0.3.9,registry+https://github.com/rust-lang/crates.io-index,MIT/Apache-2.0,5c839a674fcd7a98952e593242ea400abe93992746761e38641405d28b00f419,PERMISSIVE_OR_NOTICE
winapi-i686-pc-windows-gnu,0.4.0,registry+https://github.com/rust-lang/crates.io-index,MIT/Apache-2.0,ac3b87c63620426dd9b991e5ce0329eff545bccbbb34f3be09ff6fb6ab51b7b6,PERMISSIVE_OR_NOTICE
winapi-util,0.1.11,registry+https://github.com/rust-lang/crates.io-index,Unlicense OR MIT,c2a7b1c03c876122aa43f3020e6c3c3ee5c05081c9a00739faf7503aeba10d22,PERMISSIVE_OR_NOTICE
winapi-x86_64-pc-windows-gnu,0.4.0,registry+https://github.com/rust-lang/crates.io-index,MIT/Apache-2.0,712e227841d057c1ee1cd2fb22fa7e5a5461ae8e48fa2ca79ec42cfc1931183f,PERMISSIVE_OR_NOTICE
window-vibrancy,0.6.0,registry+https://github.com/rust-lang/crates.io-index,Apache-2.0 OR MIT,d9bec5a31f3f9362f2258fd0e9c9dd61a9ca432e7306cc78c444258f0dce9a9c,PERMISSIVE_OR_NOTICE
windows,0.61.3,registry+https://github.com/rust-lang/crates.io-index,MIT OR Apache-2.0,9babd3a767a4c1aef6900409f85f5d53ce2544ccdfaa86dad48c91782c6d6893,PERMISSIVE_OR_NOTICE
windows-collections,0.2.0,registry+https://github.com/rust-lang/crates.io-index,MIT OR Apache-2.0,3beeceb5e5cfd9eb1d76b381630e82c4241ccd0d27f1a39ed41b2760b255c5e8,PERMISSIVE_OR_NOTICE
windows-core,0.61.2,registry+https://github.com/rust-lang/crates.io-index,MIT OR Apache-2.0,c0fdd3ddb90610c7638aa2b3a3ab2904fb9e5cdbecc643ddb3647212781c4ae3,PERMISSIVE_OR_NOTICE
windows-core,0.62.2,registry+https://github.com/rust-lang/crates.io-index,MIT OR Apache-2.0,b8e83a14d34d0623b51dce9581199302a221863196a1dde71a7663a4c2be9deb,PERMISSIVE_OR_NOTICE
windows-future,0.2.1,registry+https://github.com/rust-lang/crates.io-index,MIT OR Apache-2.0,fc6a41e98427b19fe4b73c550f060b59fa592d7d686537eebf9385621bfbad8e,PERMISSIVE_OR_NOTICE
windows-implement,0.60.2,registry+https://github.com/rust-lang/crates.io-index,MIT OR Apache-2.0,053e2e040ab57b9dc951b72c264860db7eb3b0200ba345b4e4c3b14f67855ddf,PERMISSIVE_OR_NOTICE
windows-interface,0.59.3,registry+https://github.com/rust-lang/crates.io-index,MIT OR Apache-2.0,3f316c4a2570ba26bbec722032c4099d8c8bc095efccdc15688708623367e358,PERMISSIVE_OR_NOTICE
windows-link,0.1.3,registry+https://github.com/rust-lang/crates.io-index,MIT OR Apache-2.0,5e6ad25900d524eaabdbbb96d20b4311e1e7ae1699af4fb28c17ae66c80d798a,PERMISSIVE_OR_NOTICE
windows-link,0.2.1,registry+https://github.com/rust-lang/crates.io-index,MIT OR Apache-2.0,f0805222e57f7521d6a62e36fa9163bc891acd422f971defe97d64e70d0a4fe5,PERMISSIVE_OR_NOTICE
windows-numerics,0.2.0,registry+https://github.com/rust-lang/crates.io-index,MIT OR Apache-2.0,9150af68066c4c5c07ddc0ce30421554771e528bde427614c61038bc2c92c2b1,PERMISSIVE_OR_NOTICE
windows-result,0.3.4,registry+https://github.com/rust-lang/crates.io-index,MIT OR Apache-2.0,56f42bd332cc6c8eac5af113fc0c1fd6a8fd2aa08a0119358686e5160d0586c6,PERMISSIVE_OR_NOTICE
windows-result,0.4.1,registry+https://github.com/rust-lang/crates.io-index,MIT OR Apache-2.0,7781fa89eaf60850ac3d2da7af8e5242a5ea78d1a11c49bf2910bb5a73853eb5,PERMISSIVE_OR_NOTICE
windows-strings,0.4.2,registry+https://github.com/rust-lang/crates.io-index,MIT OR Apache-2.0,56e6c93f3a0c3b36176cb1327a4958a0353d5d166c2a35cb268ace15e91d3b57,PERMISSIVE_OR_NOTICE
windows-strings,0.5.1,registry+https://github.com/rust-lang/crates.io-index,MIT OR Apache-2.0,7837d08f69c77cf6b07689544538e017c1bfcf57e34b4c0ff58e6c2cd3b37091,PERMISSIVE_OR_NOTICE
windows-sys,0.45.0,registry+https://github.com/rust-lang/crates.io-index,MIT OR Apache-2.0,75283be5efb2831d37ea142365f009c02ec203cd29a3ebecbc093d52315b66d0,PERMISSIVE_OR_NOTICE
windows-sys,0.52.0,registry+https://github.com/rust-lang/crates.io-index,MIT OR Apache-2.0,282be5f36a8ce781fad8c8ae18fa3f9beff57ec1b52cb3de0789201425d9a33d,PERMISSIVE_OR_NOTICE
windows-sys,0.59.0,registry+https://github.com/rust-lang/crates.io-index,MIT OR Apache-2.0,1e38bc4d79ed67fd075bcc251a1c39b32a1776bbe92e5bef1f0bf1f8c531853b,PERMISSIVE_OR_NOTICE
windows-sys,0.61.2,registry+https://github.com/rust-lang/crates.io-index,MIT OR Apache-2.0,ae137229bcbd6cdf0f7b80a31df61766145077ddf49416a728b02cb3921ff3fc,PERMISSIVE_OR_NOTICE
windows-targets,0.42.2,registry+https://github.com/rust-lang/crates.io-index,MIT OR Apache-2.0,8e5180c00cd44c9b1c88adb3693291f1cd93605ded80c250a75d472756b4d071,PERMISSIVE_OR_NOTICE
windows-targets,0.52.6,registry+https://github.com/rust-lang/crates.io-index,MIT OR Apache-2.0,9b724f72796e036ab90c1021d4780d4d3d648aca59e491e6b98e725b84e99973,PERMISSIVE_OR_NOTICE
windows-threading,0.1.0,registry+https://github.com/rust-lang/crates.io-index,MIT OR Apache-2.0,b66463ad2e0ea3bbf808b7f1d371311c80e115c0b71d60efc142cafbcfb057a6,PERMISSIVE_OR_NOTICE
windows-version,0.1.7,registry+https://github.com/rust-lang/crates.io-index,MIT OR Apache-2.0,e4060a1da109b9d0326b7262c8e12c84df67cc0dbc9e33cf49e01ccc2eb63631,PERMISSIVE_OR_NOTICE
windows_aarch64_gnullvm,0.42.2,registry+https://github.com/rust-lang/crates.io-index,MIT OR Apache-2.0,597a5118570b68bc08d8d59125332c54f1ba9d9adeedeef5b99b02ba2b0698f8,PERMISSIVE_OR_NOTICE
windows_aarch64_gnullvm,0.52.6,registry+https://github.com/rust-lang/crates.io-index,MIT OR Apache-2.0,32a4622180e7a0ec044bb555404c800bc9fd9ec262ec147edd5989ccd0c02cd3,PERMISSIVE_OR_NOTICE
windows_aarch64_msvc,0.42.2,registry+https://github.com/rust-lang/crates.io-index,MIT OR Apache-2.0,e08e8864a60f06ef0d0ff4ba04124db8b0fb3be5776a5cd47641e942e58c4d43,PERMISSIVE_OR_NOTICE
windows_aarch64_msvc,0.52.6,registry+https://github.com/rust-lang/crates.io-index,MIT OR Apache-2.0,09ec2a7bb152e2252b53fa7803150007879548bc709c039df7627cabbd05d469,PERMISSIVE_OR_NOTICE
windows_i686_gnu,0.42.2,registry+https://github.com/rust-lang/crates.io-index,MIT OR Apache-2.0,c61d927d8da41da96a81f029489353e68739737d3beca43145c8afec9a31a84f,PERMISSIVE_OR_NOTICE
windows_i686_gnu,0.52.6,registry+https://github.com/rust-lang/crates.io-index,MIT OR Apache-2.0,8e9b5ad5ab802e97eb8e295ac6720e509ee4c243f69d781394014ebfe8bbfa0b,PERMISSIVE_OR_NOTICE
windows_i686_gnullvm,0.52.6,registry+https://github.com/rust-lang/crates.io-index,MIT OR Apache-2.0,0eee52d38c090b3caa76c563b86c3a4bd71ef1a819287c19d586d7334ae8ed66,PERMISSIVE_OR_NOTICE
windows_i686_msvc,0.42.2,registry+https://github.com/rust-lang/crates.io-index,MIT OR Apache-2.0,44d840b6ec649f480a41c8d80f9c65108b92d89345dd94027bfe06ac444d1060,PERMISSIVE_OR_NOTICE
windows_i686_msvc,0.52.6,registry+https://github.com/rust-lang/crates.io-index,MIT OR Apache-2.0,240948bc05c5e7c6dabba28bf89d89ffce3e303022809e73deaefe4f6ec56c66,PERMISSIVE_OR_NOTICE
windows_x86_64_gnu,0.42.2,registry+https://github.com/rust-lang/crates.io-index,MIT OR Apache-2.0,8de912b8b8feb55c064867cf047dda097f92d51efad5b491dfb98f6bbb70cb36,PERMISSIVE_OR_NOTICE
windows_x86_64_gnu,0.52.6,registry+https://github.com/rust-lang/crates.io-index,MIT OR Apache-2.0,147a5c80aabfbf0c7d901cb5895d1de30ef2907eb21fbbab29ca94c5b08b1a78,PERMISSIVE_OR_NOTICE
windows_x86_64_gnullvm,0.42.2,registry+https://github.com/rust-lang/crates.io-index,MIT OR Apache-2.0,26d41b46a36d453748aedef1486d5c7a85db22e56aff34643984ea85514e94a3,PERMISSIVE_OR_NOTICE
windows_x86_64_gnullvm,0.52.6,registry+https://github.com/rust-lang/crates.io-index,MIT OR Apache-2.0,24d5b23dc417412679681396f2b49f3de8c1473deb516bd34410872eff51ed0d,PERMISSIVE_OR_NOTICE
windows_x86_64_msvc,0.42.2,registry+https://github.com/rust-lang/crates.io-index,MIT OR Apache-2.0,9aec5da331524158c6d1a4ac0ab1541149c0b9505fde06423b02f5ef0106b9f0,PERMISSIVE_OR_NOTICE
windows_x86_64_msvc,0.52.6,registry+https://github.com/rust-lang/crates.io-index,MIT OR Apache-2.0,589f6da84c646204747d1270a2a5661ea66ed1cced2631d546fdfb155959f9ec,PERMISSIVE_OR_NOTICE
winnow,0.5.40,registry+https://github.com/rust-lang/crates.io-index,MIT,f593a95398737aeed53e489c785df13f3618e41dbcd6718c6addbf1395aa6876,PERMISSIVE_OR_NOTICE
winnow,0.7.15,registry+https://github.com/rust-lang/crates.io-index,MIT,df79d97927682d2fd8adb29682d1140b343be4ac0f08fd68b7765d9c059d3945,PERMISSIVE_OR_NOTICE
winnow,1.0.0,registry+https://github.com/rust-lang/crates.io-index,MIT,a90e88e4667264a994d34e6d1ab2d26d398dcdca8b7f52bec8668957517fc7d8,PERMISSIVE_OR_NOTICE
winreg,0.55.0,registry+https://github.com/rust-lang/crates.io-index,MIT,cb5a765337c50e9ec252c2069be9bf91c7df47afb103b642ba3a53bf8101be97,PERMISSIVE_OR_NOTICE
wit-bindgen,0.46.0,registry+https://github.com/rust-lang/crates.io-index,Apache-2.0 WITH LLVM-exception OR Apache-2.0 OR MIT,f17a85883d4e6d00e8a97c586de764dabcc06133f7f1d55dce5cdc070ad7fe59,PERMISSIVE_OR_NOTICE
wit-bindgen,0.51.0,registry+https://github.com/rust-lang/crates.io-index,Apache-2.0 WITH LLVM-exception OR Apache-2.0 OR MIT,d7249219f66ced02969388cf2bb044a09756a083d0fab1e566056b04d9fbcaa5,PERMISSIVE_OR_NOTICE
wit-bindgen-core,0.51.0,registry+https://github.com/rust-lang/crates.io-index,Apache-2.0 WITH LLVM-exception OR Apache-2.0 OR MIT,ea61de684c3ea68cb082b7a88508a8b27fcc8b797d738bfc99a82facf1d752dc,PERMISSIVE_OR_NOTICE
wit-bindgen-rust,0.51.0,registry+https://github.com/rust-lang/crates.io-index,Apache-2.0 WITH LLVM-exception OR Apache-2.0 OR MIT,b7c566e0f4b284dd6561c786d9cb0142da491f46a9fbed79ea69cdad5db17f21,PERMISSIVE_OR_NOTICE
wit-bindgen-rust-macro,0.51.0,registry+https://github.com/rust-lang/crates.io-index,Apache-2.0 WITH LLVM-exception OR Apache-2.0 OR MIT,0c0f9bfd77e6a48eccf51359e3ae77140a7f50b1e2ebfe62422d8afdaffab17a,PERMISSIVE_OR_NOTICE
wit-component,0.244.0,registry+https://github.com/rust-lang/crates.io-index,Apache-2.0 WITH LLVM-exception OR Apache-2.0 OR MIT,9d66ea20e9553b30172b5e831994e35fbde2d165325bec84fc43dbf6f4eb9cb2,PERMISSIVE_OR_NOTICE
wit-parser,0.244.0,registry+https://github.com/rust-lang/crates.io-index,Apache-2.0 WITH LLVM-exception OR Apache-2.0 OR MIT,ecc8ac4bc1dc3381b7f59c34f00b67e18f910c2c0f50015669dde7def656a736,PERMISSIVE_OR_NOTICE
writeable,0.6.4,registry+https://github.com/rust-lang/crates.io-index,Unicode-3.0,3ad82d2a33cdc9674dc7465672f271e096168fcdbe0f799d9e6db8c5892679dc,PERMISSIVE_OR_NOTICE
wry,0.55.1,registry+https://github.com/rust-lang/crates.io-index,Apache-2.0 OR MIT,186f9871daa55fd9c016578b810d149de58367113db7fb72b462d2323ce19514,PERMISSIVE_OR_NOTICE
wyz,0.5.1,registry+https://github.com/rust-lang/crates.io-index,MIT,05f360fc0b24296329c78fda852a1e9ae82de9cf7b27dae4b7f62f118f77b9ed,PERMISSIVE_OR_NOTICE
x11,2.21.0,registry+https://github.com/rust-lang/crates.io-index,MIT,502da5464ccd04011667b11c435cb992822c2c0dbde1770c988480d312a0db2e,PERMISSIVE_OR_NOTICE
x11-dl,2.21.0,registry+https://github.com/rust-lang/crates.io-index,MIT,38735924fedd5314a6e548792904ed8c6de6636285cb9fec04d5b1db85c1516f,PERMISSIVE_OR_NOTICE
yoke,0.8.3,registry+https://github.com/rust-lang/crates.io-index,Unicode-3.0,709fe23a0424b6a435d82152b1bd3fdfb0833487d5fa90d05d42762a9891fef5,PERMISSIVE_OR_NOTICE
yoke-derive,0.8.2,registry+https://github.com/rust-lang/crates.io-index,Unicode-3.0,de844c262c8848816172cef550288e7dc6c7b7814b4ee56b3e1553f275f1858e,PERMISSIVE_OR_NOTICE
zerocopy,0.8.47,registry+https://github.com/rust-lang/crates.io-index,BSD-2-Clause OR Apache-2.0 OR MIT,efbb2a062be311f2ba113ce66f697a4dc589f85e78a4aea276200804cea0ed87,PERMISSIVE_OR_NOTICE
zerocopy-derive,0.8.47,registry+https://github.com/rust-lang/crates.io-index,BSD-2-Clause OR Apache-2.0 OR MIT,0e8bc7269b54418e7aeeef514aa68f8690b8c0489a06b0136e5f57c4c5ccab89,PERMISSIVE_OR_NOTICE
zerofrom,0.1.8,registry+https://github.com/rust-lang/crates.io-index,Unicode-3.0,0ec05a11813ea801ff6d75110ad09cd0824ddba17dfe17128ea0d5f68e6c5272,PERMISSIVE_OR_NOTICE
zerofrom-derive,0.1.7,registry+https://github.com/rust-lang/crates.io-index,Unicode-3.0,11532158c46691caf0f2593ea8358fed6bbf68a0315e80aae9bd41fbade684a1,PERMISSIVE_OR_NOTICE
zeroize,1.8.2,registry+https://github.com/rust-lang/crates.io-index,Apache-2.0 OR MIT,b97154e67e32c85465826e8bcc1c59429aaaf107c1e4a9e53c8d8ccd5eff88d0,PERMISSIVE_OR_NOTICE
zerotrie,0.2.5,registry+https://github.com/rust-lang/crates.io-index,Unicode-3.0,4ea269c3bd32f0a32c321907a2ae912ba6f4649bb0fc764a15627e99a7095a3f,PERMISSIVE_OR_NOTICE
zerovec,0.11.8,registry+https://github.com/rust-lang/crates.io-index,Unicode-3.0,bb0464e17806c1d976d5cba29399c7f08e516e279e2ba493f63123b5fca67dd8,PERMISSIVE_OR_NOTICE
zerovec-derive,0.11.6,registry+https://github.com/rust-lang/crates.io-index,Unicode-3.0,34df6fc39dbd26ddc9c10e6a2984476e13acce22e64e4487636ef494369225da,PERMISSIVE_OR_NOTICE
zlib-rs,0.6.7,registry+https://github.com/rust-lang/crates.io-index,Zlib,34b31d188d9d685a4f9c7b46d6e36631b07058d2cfe190267adce54dc230bf12,PERMISSIVE_OR_NOTICE
zmij,1.0.21,registry+https://github.com/rust-lang/crates.io-index,MIT,b8848ee67ecc8aedbaf3e4122217aff892639231befc6a1b58d29fff4c2cabaa,PERMISSIVE_OR_NOTICE
